[www.invertexto.com/index.html]
[backblue.gif]
[fade.gif]
[index.html]
[cdn.invertexto.com/img/face-note.png]
[www.invertexto.com/favicon.ico]
[cdn.invertexto.com/css/appe44f.css]
[cdn.invertexto.com/img/apple-touch-icon.png]
[cdn.invertexto.com/img/invertexto.png]
[pagead2.googlesyndication.com/pagead/js/fbe82.txt]
[www.invertexto.com/blog.html]
[www.invertexto.com/sobre.html]
[www.invertexto.com/contato.html]
[www.invertexto.com/inverter-texto.html]
[www.invertexto.com/converter-maiusculas-minusculas.html]
[www.invertexto.com/remover-linhas-duplicadas.html]
[www.invertexto.com/ordem-alfabetica.html]
[www.invertexto.com/texto-de-cabeca-para-baixo.html]
[www.invertexto.com/letras-diferentes.html]
[www.invertexto.com/letras-empilhadas.html]
[www.invertexto.com/prefixo-e-sufixo.html]
[www.invertexto.com/textos-sinonimos.html]
[www.invertexto.com/localizar-e-substituir.html]
[www.invertexto.com/contador-caracteres.html]
[www.invertexto.com/comparar-textos.html]
[www.invertexto.com/corretor-ortografico.html]
[www.invertexto.com/palavras-que-rimam.html]
[www.invertexto.com/nuvem-de-palavras.html]
[www.invertexto.com/notepad.html]
[www.invertexto.com/capsula-tempo.html]
[www.invertexto.com/gerador-email-temporario.html]
[www.invertexto.com/mensagem-autodestrutiva.html]
[www.invertexto.com/organizador-de-links.html]
[www.invertexto.com/sorteio.html]
[www.invertexto.com/lista-aleatoria.html]
[www.invertexto.com/gerador-palavras-aleatorias.html]
[www.invertexto.com/numeros-aleatorios.html]
[www.invertexto.com/dado-online.html]
[www.invertexto.com/roleta-online.html]
[www.invertexto.com/gerador-numeros-megasena.html]
[www.invertexto.com/gerador-senha.html]
[www.invertexto.com/codigo-binario.html]
[www.invertexto.com/codigo-morse.html]
[www.invertexto.com/texto-criptografado.html]
[www.invertexto.com/gerador-qr-code.html]
[www.invertexto.com/gerador-qr-code-wifi.html]
[www.invertexto.com/gerador-qr-code-pix.html]
[www.invertexto.com/leitor-qr-code-online.html]
[www.invertexto.com/codigo-barras.html]
[www.invertexto.com/codigo-barras-lote.html]
[www.invertexto.com/leitor-codigo-barras-online.html]
[www.invertexto.com/calendario.html]
[www.invertexto.com/feriados.html]
[www.invertexto.com/contador-de-dias.html]
[www.invertexto.com/calculadora-dias-uteis.html]
[www.invertexto.com/somar-ou-subtrair-dias.html]
[www.invertexto.com/calcular-idade.html]
[www.invertexto.com/signos-datas.html]
[www.invertexto.com/hora-certa.html]
[www.invertexto.com/contagem-regressiva.html]
[www.invertexto.com/calculadora-de-horas.html]
[www.invertexto.com/cronometro.html]
[www.invertexto.com/pomodoro-timer.html]
[www.invertexto.com/fase-lua-hoje.html]
[www.invertexto.com/calendario-lunar.html]
[www.invertexto.com/estacao-ano-hoje.html]
[www.invertexto.com/dia-do-ano.html]
[www.invertexto.com/semana-do-ano.html]
[www.invertexto.com/conversao-base-numerica.html]
[www.invertexto.com/conversor-de-medidas.html]
[www.invertexto.com/numeros-romanos.html]
[www.invertexto.com/numeros-por-extenso.html]
[www.invertexto.com/calculadora-porcentagem.html]
[www.invertexto.com/calculadora-regra-de-3.html]
[www.invertexto.com/calculadora-de-fracao.html]
[www.invertexto.com/conversor-de-moedas.html]
[www.invertexto.com/simulador-de-poupanca.html]
[www.invertexto.com/calculadora-primeiro-milhao.html]
[www.invertexto.com/simulador-de-financiamento.html]
[www.invertexto.com/valor-salario-minimo.html]
[www.invertexto.com/gerador-de-cep.html]
[www.invertexto.com/gerador-de-cpf.html]
[www.invertexto.com/gerador-de-cnpj.html]
[www.invertexto.com/gerador-de-cartao-de-credito.html]
[www.invertexto.com/gerador-de-conta-bancaria.html]
[www.invertexto.com/gerador-de-pessoas.html]
[www.invertexto.com/gerador-de-lorem-ipsum.html]
[www.invertexto.com/gerador-de-uuid.html]
[www.invertexto.com/conversor-timestamp.html]
[www.invertexto.com/meu-ip.html]
[www.invertexto.com/whois.html]
[www.invertexto.com/dns-lookup.html]
[www.invertexto.com/teste-de-velocidade.html]
[www.invertexto.com/teste-de-portas.html]
[www.invertexto.com/localizar-ip.html]
[www.invertexto.com/nao-seguidores-instagram.html]
[www.invertexto.com/quem-deixou-de-me-seguir.html]
[www.invertexto.com/instagram-anonimo.html]
[www.invertexto.com/sorteio-instagram.html]
[www.invertexto.com/contador-inscritos.html]
[www.invertexto.com/ordenar-conta-instagram.html]
[www.invertexto.com/gerador-link-whatsapp.html]
[www.invertexto.com/converter-imagem-em-texto.html]
[www.invertexto.com/comprimir-imagem.html]
[www.invertexto.com/comprimir-pdf.html]
[www.invertexto.com/dividir-pdf.html]
[www.invertexto.com/juntar-pdf.html]
[www.invertexto.com/organizar-pdf.html]
[www.invertexto.com/comparar-pdf.html]
[www.invertexto.com/converter-pdf-em-jpg.html]
[www.invertexto.com/converter-jpg-em-pdf.html]
[www.invertexto.com/foto-preto-e-branco.html]
[www.invertexto.com/redimensionar-imagem.html]
[www.invertexto.com/recortar-imagem.html]
[www.invertexto.com/calcular-imc.html]
[www.invertexto.com/calculadora-gestacional.html]
[www.invertexto.com/calcular-periodo-fertil.html]
[www.invertexto.com/recibo-online.html]
[www.invertexto.com/nota-promissoria-online.html]
[www.invertexto.com/consulta-cnpj.html]
[www.invertexto.com/consulta-cep.html]
[www.invertexto.com/tabela-fipe.html]
[www.invertexto.com/emojis-para-copiar.html]
[www.invertexto.com/emoticons-para-copiar.html]
[www.invertexto.com/simbolos-para-copiar.html]
[www.invertexto.com/distancia-entre-cidades.html]
[www.invertexto.com/minha-localizacao-atual.html]
[www.invertexto.com/calculo-gasolina-etanol.html]
[www.invertexto.com/calculo-combustivel.html]
[www.invertexto.com/leitura-rapida.html]
[www.invertexto.com/teste-de-digitacao.html]
[www.invertexto.com/calculadora-churrasco.html]
[www.invertexto.com/tela-branca.html]
[www.invertexto.com/desenhar-online.html]
[cdn.invertexto.com/js/app-v1.2.js]
[www.invertexto.com/js/ad_728x90.js]
[www.invertexto.com/index.html]
[cdn.invertexto.com/css/appe44f.css]
[scripts.cleverwebserver.com/919807a68a8d275b2e7dd47c1ad6a69c.js]
[www.invertexto.com/blog/como-seguir-automaticamente-no-instagram.html]
[cdn.invertexto.com/blog/seguir-automatico.png]
[www.invertexto.com/blog/como-ver-stories-do-instagram-anonimamente.html]
[cdn.invertexto.com/blog/ver-stories-anonimamente.png]
[www.invertexto.com/blog/site-para-confirmar-presenca.html]
[cdn.invertexto.com/blog/confirmar-presenca.jpg]
[www.invertexto.com/blog/como-remover-seguidores-em-massa-no-instagram.html]
[cdn.invertexto.com/blog/removedor-seguidores.jpg]
[www.invertexto.com/blog/como-saber-quem-a-pessoa-seguiu-por-ultimo-no-instagram.html]
[cdn.invertexto.com/blog/rastreador-de-perfil.png]
[www.invertexto.com/blog/como-economizar-com-aluguel-de-carros-nos-estados-unidos.html]
[cdn.invertexto.com/blog/alamo.png]
[www.invertexto.com/blog/como-tirar-o-online-do-instagram.html]
[cdn.invertexto.com/blog/online-instagram.png]
[www.invertexto.com/blog/como-deixar-de-seguir-quem-nao-te-segue-no-instagram.html]
[www.invertexto.com/blog.html]
[cdn.invertexto.com/blog/deixar-de-seguir-instagram.png]
[www.invertexto.com/extensoes.html]
[www.invertexto.com/sobre.html]
[www.invertexto.com/img/profile_pic.jpg]
[www.invertexto.com/contato.html]
[www.invertexto.com/inverter-texto.html]
[www.invertexto.com/img/sprite.svg]
[www.invertexto.com/converter-maiusculas-minusculas.html]
[www.invertexto.com/remover-linhas-duplicadas.html]
[www.invertexto.com/ordem-alfabetica.html]
[www.invertexto.com/js/flip-v1.js]
[www.invertexto.com/texto-de-cabeca-para-baixo.html]
[cdn.jsdelivr.net/npm/clipboard@2.0.11/dist/clipboard.min.js]
[www.invertexto.com/letras-diferentes.html]
[cdn.invertexto.com/js/letras-diferentes.js]
[www.invertexto.com/fonts/Inter-Regular.woff2]
[www.invertexto.com/fonts/Inter-Regular.woff]
[www.invertexto.com/fonts/Inter-Regular.ttf]
[www.invertexto.com/fonts/Inter-Regular.otf]
[www.invertexto.com/letras-empilhadas.html]
[www.invertexto.com/prefixo-e-sufixo.html]
[www.invertexto.com/textos-sinonimos.html]
[www.invertexto.com/localizar-e-substituir.html]
[www.invertexto.com/contador-caracteres.html]
[www.invertexto.com/css/diffview.css]
[www.invertexto.com/js/diffview.js]
[www.invertexto.com/comparar-textos.html]
[www.invertexto.com/js/difflib.js]
[cdn.invertexto.com/js/debounce.js]
[www.invertexto.com/corretor-ortografico.html]
[www.invertexto.com/js/corretor-ortografico-v1.0.5.js]
[www.invertexto.com/palavras-que-rimam.html]
[cdnjs.cloudflare.com/ajax/libs/wordcloud2.js/1.2.3/wordcloud2.min.js]
[www.invertexto.com/js/nuvem-de-palavras.js]
[www.invertexto.com/nuvem-de-palavras.html]
[www.invertexto.com/notepad.html]
[www.invertexto.com/img/noimage.png]
[www.invertexto.com/capsula-tempo.html]
[www.invertexto.com/gerador-email-temporario.html]
[www.invertexto.com/mensagem-autodestrutiva.html]
[www.invertexto.com/organizador-de-links.html]
[www.invertexto.com/sorteio.html]
[www.invertexto.com/lista-aleatoria.html]
[www.invertexto.com/gerador-palavras-aleatorias.html]
[www.invertexto.com/numeros-aleatorios.html]
[www.invertexto.com/dado-online.html]
[www.invertexto.com/sounds/tick.mp3]
[www.invertexto.com/roleta-online.html]
[www.invertexto.com/js/superwheel.min.js]
[www.invertexto.com/gerador-numeros-megasena.html]
[www.invertexto.com/gerador-senha.html]
[www.invertexto.com/codigo-binario.html]
[www.invertexto.com/codigo-morse.html]
[www.invertexto.com/texto-criptografado.html]
[www.invertexto.com/gerador-qr-code.html]
[www.invertexto.com/img/wifi-placa.png]
[www.invertexto.com/gerador-qr-code-wifi.html]
[www.invertexto.com/img/pix-placa.png]
[www.invertexto.com/gerador-qr-code-pix.html]
[www.invertexto.com/js/jquery.maskMoney.min.js]
[www.invertexto.com/leitor-qr-code-online.html]
[www.invertexto.com/codigo-barras.html]
[www.invertexto.com/codigo-barras-lote.html]
[www.invertexto.com/leitor-codigo-barras-online.html]
[unpkg.com/html5-qrcode@2.3.8/html5-qrcode.min.js]
[www.invertexto.com/calendario/2026.html]
[www.invertexto.com/calendario/2025.html]
[www.invertexto.com/calendario.html]
[www.invertexto.com/calendario/2027.html]
[www.invertexto.com/feriados-2026.html]
[www.invertexto.com/feriados-2024.html]
[www.invertexto.com/feriados-2025.html]
[www.invertexto.com/feriados-2027.html]
[www.invertexto.com/feriados.html]
[www.invertexto.com/feriados-2028.html]
[www.invertexto.com/contador-de-dias.html]
[www.invertexto.com/calculadora-dias-uteis.html]
[www.invertexto.com/somar-ou-subtrair-dias.html]
[www.invertexto.com/calcular-idade.html]
[www.invertexto.com/signos-datas.html]
[www.invertexto.com/css/hora-certa.css]
[www.invertexto.com/hora-certa/brasilia.html]
[www.invertexto.com/hora-certa/manaus.html]
[www.invertexto.com/hora-certa/fernando-de-noronha.html]
[www.invertexto.com/hora-certa/sao-paulo.html]
[www.invertexto.com/hora-certa/recife.html]
[www.invertexto.com/hora-certa/fortaleza.html]
[www.invertexto.com/hora-certa/salvador.html]
[www.invertexto.com/hora-certa/cuiaba.html]
[www.invertexto.com/hora-certa/rio-de-janeiro.html]
[www.invertexto.com/js/moment.min.js]
[www.invertexto.com/js/moment-timezone-with-data-10-year-range.min34aa.js]
[www.invertexto.com/hora-certa.html]
[www.invertexto.com/js/hora-certa.js]
[www.invertexto.com/c/2027.html]
[www.invertexto.com/c/2028.html]
[www.invertexto.com/contagem-regressiva.html]
[www.invertexto.com/c/natal.html]
[www.invertexto.com/calculadora-de-horas.html]
[www.invertexto.com/js/stopwatch.js]
[www.invertexto.com/cronometro.html]
[www.invertexto.com/js/pomodoro.min5ab3.js]
[www.invertexto.com/pomodoro-timer.html]
[www.invertexto.com/img/south-moon/3.jpg]
[www.invertexto.com/fase-lua-hoje.html]
[www.invertexto.com/calendario-lunar-2026.html]
[www.invertexto.com/calendario-lunar-2024.html]
[www.invertexto.com/calendario-lunar-2025.html]
[www.invertexto.com/calendario-lunar-2027.html]
[www.invertexto.com/calendario-lunar-2028.html]
[www.invertexto.com/calendario-lunar-janeiro-2026.html]
[www.invertexto.com/calendario-lunar-fevereiro-2026.html]
[www.invertexto.com/calendario-lunar-marco-2026.html]
[www.invertexto.com/calendario-lunar-abril-2026.html]
[www.invertexto.com/calendario-lunar-maio-2026.html]
[www.invertexto.com/calendario-lunar-junho-2026.html]
[www.invertexto.com/calendario-lunar-julho-2026.html]
[www.invertexto.com/calendario-lunar-agosto-2026.html]
[www.invertexto.com/calendario-lunar-setembro-2026.html]
[www.invertexto.com/calendario-lunar-outubro-2026.html]
[www.invertexto.com/calendario-lunar-novembro-2026.html]
[www.invertexto.com/calendario-lunar-dezembro-2026.html]
[www.invertexto.com/calendario-lunar.html]
[www.invertexto.com/estacao-ano-hoje.html]
[www.invertexto.com/dia-do-ano.html]
[www.invertexto.com/semana-do-ano.html]
[www.invertexto.com/js/jquery.baseconverter.js]
[www.invertexto.com/conversao-base-numerica.html]
[www.invertexto.com/js/medidas.js]
[www.invertexto.com/conversor-de-medidas.html]
[www.invertexto.com/numeros-romanos.html]
[www.invertexto.com/js/jquery.number.min.js]
[www.invertexto.com/numeros-por-extenso.html]
[www.invertexto.com/calculadora-porcentagem.html]
[www.invertexto.com/calculadora-regra-de-3.html]
[www.invertexto.com/js/calculadora-de-fracao.js]
[www.invertexto.com/calculadora-de-fracao.html]
[www.invertexto.com/css/dd.css]
[www.invertexto.com/css/flags.css]
[www.invertexto.com/img/conversao.png]
[www.invertexto.com/img/big-loading.gif]
[www.invertexto.com/conversor-de-moedas.html]
[www.invertexto.com/simulador-de-poupanca.html]
[www.invertexto.com/calculadora-primeiro-milhao.html]
[www.invertexto.com/simulador-de-financiamento.html]
[www.invertexto.com/js/dd.min.js]
[www.invertexto.com/valor-salario-minimo/2026.html]
[www.invertexto.com/valor-salario-minimo/2025.html]
[www.invertexto.com/valor-salario-minimo/2024.html]
[www.invertexto.com/valor-salario-minimo/2023.html]
[www.invertexto.com/valor-salario-minimo/2022.html]
[www.invertexto.com/valor-salario-minimo/2021.html]
[www.invertexto.com/valor-salario-minimo/2020.html]
[www.invertexto.com/valor-salario-minimo/2019.html]
[www.invertexto.com/valor-salario-minimo/2018.html]
[www.invertexto.com/valor-salario-minimo/2017.html]
[www.invertexto.com/valor-salario-minimo/2016.html]
[www.invertexto.com/valor-salario-minimo/2015.html]
[www.invertexto.com/valor-salario-minimo/2014.html]
[www.invertexto.com/valor-salario-minimo/2013.html]
[www.invertexto.com/valor-salario-minimo/2012.html]
[www.invertexto.com/valor-salario-minimo/2011.html]
[www.invertexto.com/valor-salario-minimo/2010.html]
[www.invertexto.com/valor-salario-minimo/2009.html]
[www.invertexto.com/valor-salario-minimo/2008.html]
[www.invertexto.com/valor-salario-minimo/2007.html]
[www.invertexto.com/valor-salario-minimo/2006.html]
[www.invertexto.com/valor-salario-minimo/2005.html]
[www.invertexto.com/valor-salario-minimo/2004.html]
[www.invertexto.com/valor-salario-minimo/2003.html]
[www.invertexto.com/valor-salario-minimo/2002.html]
[www.invertexto.com/valor-salario-minimo/2001.html]
[www.invertexto.com/valor-salario-minimo/2000.html]
[www.invertexto.com/valor-salario-minimo.html]
[www.invertexto.com/gerador-de-cep.html]
[www.invertexto.com/gerador-de-cpf.html]
[www.invertexto.com/gerador-de-cnpj.html]
[www.invertexto.com/gerador-de-cartao-de-credito.html]
[www.invertexto.com/gerador-de-conta-bancaria.html]
[www.invertexto.com/gerador-de-pessoas.html]
[www.invertexto.com/gerador-de-lorem-ipsum.html]
[www.invertexto.com/ajax/generate-uuid.json]
[www.invertexto.com/gerador-de-uuid.html]
[cdnjs.cloudflare.com/ajax/libs/moment.js/2.30.1/moment.min.js]
[www.invertexto.com/conversor-timestamp.html]
[www.invertexto.com/meu-ip.html]
[www.invertexto.com/whois.html]
[cdnjs.cloudflare.com/ajax/libs/moment.js/2.30.1/locale/pt-br.min.js]
[www.invertexto.com/dns-lookup.html]
[www.invertexto.com/teste-de-velocidade.html]
[www.invertexto.com/teste-de-portas.html]
[www.invertexto.com/localizar-ip.html]
[www.invertexto.com/nao-seguidores-instagram.html]
[www.invertexto.com/quem-deixou-de-me-seguir.html]
[www.invertexto.com/instagram-anonimo.html]
[www.invertexto.com/sorteio-instagram.html]
[www.instagram.com/embed.js]
[cdn.invertexto.com/img/face-counter.png]
[www.invertexto.com/instagram/counter5445.json]
[www.invertexto.com/contador-inscritos.html]
[www.invertexto.com/js/countup.umd.js]
[www.invertexto.com/ordenar-conta-instagram.html]
[www.invertexto.com/css/intlTelInput.min.css]
[www.invertexto.com/img/iti/flags.png]
[www.invertexto.com/img/iti/flags@2x.png]
[www.invertexto.com/gerador-link-whatsapp.html]
[www.invertexto.com/js/intlTelInput.min.js]
[cdn.jsdelivr.net/npm/dropzone@6.0.0-beta.2/dist/dropzone.css]
[cdn.jsdelivr.net/npm/tesseract.js@7/dist/tesseract.min.js]
[www.invertexto.com/converter-imagem-em-texto.html]
[www.invertexto.com/comprimir-imagem.html]
[cdn.jsdelivr.net/npm/dropzone@6.0.0-beta.2/dist/dropzone-min.js]
[www.invertexto.com/img/pdf.png]
[www.invertexto.com/js/pdf.worker.min.js]
[www.invertexto.com/comprimir-pdf.html]
[www.invertexto.com/dividir-pdf.html]
[www.invertexto.com/js/pdf.min.js]
[www.invertexto.com/juntar-pdf.html]
[www.invertexto.com/js/jquery-ui-sortable.min.js]
[www.invertexto.com/organizar-pdf.html]
[www.invertexto.com/comparar-pdf.html]
[www.invertexto.com/converter-pdf-em-jpg.html]
[cdn.jsdelivr.net/npm/jquery-ui-touch-punch@0.2.3/jquery.ui.touch-punch.min.js]
[www.invertexto.com/img/jpg.png]
[www.invertexto.com/converter-jpg-em-pdf.html]
[www.invertexto.com/css/dropzone.min.css]
[cdnjs.cloudflare.com/ajax/libs/jszip/3.10.1/jszip.min.js]
[www.invertexto.com/foto-preto-e-branco.html]
[www.invertexto.com/js/foto-preto-e-branco858c.js]
[www.invertexto.com/redimensionar-imagem.html]
[www.invertexto.com/js/dropzone.min.js]
[www.invertexto.com/css/cropper.css]
[www.invertexto.com/img/placeholder.jpg]
[www.invertexto.com/recortar-imagem.html]
[www.invertexto.com/js/cropper.js]
[cdn.invertexto.com/img/face-imc.png]
[www.invertexto.com/calcular-imc.html]
[www.invertexto.com/calculadora-gestacional.html]
[www.invertexto.com/calcular-periodo-fertil.html]
[www.invertexto.com/js/helpers.js]
[www.invertexto.com/recibo-online.html]
[www.invertexto.com/js/recibo-online-vanilla.js]
[www.invertexto.com/js/nota-promissoria-vanilla.js]
[www.invertexto.com/nota-promissoria-online.html]
[www.invertexto.com/js/jquery.maskedinput.min.js]
[www.invertexto.com/consulta-cnpj.html]
[www.invertexto.com/consulta-cep.html]
[www.invertexto.com/js/chart.3.9.1.min.js]
[www.invertexto.com/tabela-fipe.html]
[www.invertexto.com/js/chartjs-plugin-datalabels.min.js]
[www.invertexto.com/emojis-para-copiar.html]
[www.invertexto.com/emoticons-para-copiar.html]
[www.invertexto.com/css/simbolos-para-copiar-1.css]
[www.invertexto.com/simbolos-para-copiar.html]
[api.mapbox.com/mapbox-gl-js/v2.14.1/mapbox-gl.css]
[api.mapbox.com/mapbox-gl-js/plugins/mapbox-gl-geocoder/v5.0.0/mapbox-gl-geocoder.css]
[api.mapbox.com/mapbox-gl-js/v2.14.1/mapbox-gl.js]
[www.invertexto.com/distancia-entre-cidades.html]
[www.invertexto.com/minha-localizacao-atual.html]
[www.invertexto.com/calculo-gasolina-etanol.html]
[www.invertexto.com/calculo-combustivel.html]
[www.invertexto.com/leitura-rapida.html]
[api.mapbox.com/mapbox-gl-js/plugins/mapbox-gl-geocoder/v5.0.0/mapbox-gl-geocoder.min.js]
[www.invertexto.com/js/teste-de-digitacao-textos.js]
[www.invertexto.com/teste-de-digitacao.html]
[www.invertexto.com/js/teste-de-digitacao.js]
[www.invertexto.com/calculadora-churrasco.html]
[www.invertexto.com/tela-preta.html]
[www.invertexto.com/tela-vermelha.html]
[www.invertexto.com/tela-verde.html]
[www.invertexto.com/tela-azul.html]
[www.invertexto.com/tela-rosa.html]
[www.invertexto.com/tela-cinza.html]
[www.invertexto.com/tela-laranja.html]
[www.invertexto.com/tela-roxa.html]
[www.invertexto.com/tela-branca.html]
[www.invertexto.com/tela-amarela.html]
[www.invertexto.com/js/draw2.min.js]
[www.invertexto.com/desenhar-online.html]
[www.invertexto.com/blog/como-seguir-automaticamente-no-instagram.html]
[www.invertexto.com/blog/como-ver-stories-do-instagram-anonimamente.html]
[www.invertexto.com/blog/site-para-confirmar-presenca.html]
[www.invertexto.com/blog/como-remover-seguidores-em-massa-no-instagram.html]
[www.invertexto.com/blog/como-saber-quem-a-pessoa-seguiu-por-ultimo-no-instagram.html]
[www.invertexto.com/img/blog/mustang-alamo-br.png]
[www.invertexto.com/blog/como-economizar-com-aluguel-de-carros-nos-estados-unidos.html]
[www.invertexto.com/img/blog/mustang-alamo-us.png]
[www.invertexto.com/img/blog/tirar-online-1.png]
[www.invertexto.com/img/blog/tirar-online-2.png]
[www.invertexto.com/img/blog/tirar-online-3.png]
[www.invertexto.com/img/blog/tirar-online-desktop-1.png]
[www.invertexto.com/img/blog/tirar-online-desktop-2.png]
[www.invertexto.com/blog/como-tirar-o-online-do-instagram.html]
[www.invertexto.com/blog/como-deixar-de-seguir-quem-nao-te-segue-no-instagram.html]
[www.invertexto.com/img/extensoes/nao-seguidores.png]
[www.invertexto.com/img/extensoes/nao-seguidores-pro.png]
[www.invertexto.com/img/extensoes/quem-deixou-seguir.png]
[www.invertexto.com/img/extensoes/stories-anonimo.png]
[www.invertexto.com/img/extensoes/rastreador-perfil.png]
[www.invertexto.com/img/extensoes/sorteio-comentarios.png]
[www.invertexto.com/img/extensoes/contador-seguidores.png]
[www.invertexto.com/img/extensoes/ordenar-posts.png]
[www.invertexto.com/img/extensoes/removedor-seguidores.png]
[www.invertexto.com/img/extensoes/seguir-automatico.png]
[www.invertexto.com/img/extensoes/deixar-de-seguir-em-massa.png]
[www.invertexto.com/img/extensoes/ultimos-seguidores-seguindo.png]
[www.invertexto.com/img/extensoes/formulei.png]
[www.invertexto.com/extensoes.html]
[www.invertexto.com/ajax/contato.html]
[www.invertexto.com/css/diffview.css]
[www.invertexto.com/ajax/notepad-create.html]
[www.invertexto.com/ajax/bookmark-create.html]
[www.invertexto.com/ajax/codigo-binario.html]
[www.invertexto.com/gerador-qr-code-wifi-placa08e2.html]
[www.invertexto.com/gerador-qr-code-pix-placabaf2.html]
[www.invertexto.com/calendario/2026.html]
[www.invertexto.com/calendario/2024.html]
[www.invertexto.com/calendario/2025.html]
[www.invertexto.com/calendario/2028.html]
[www.invertexto.com/calendario/2027.html]
[www.invertexto.com/feriados-2026.html]
[www.invertexto.com/feriados-2022.html]
[www.invertexto.com/feriados-2024.html]
[www.invertexto.com/feriados-2023.html]
[www.invertexto.com/feriados-2025.html]
[www.invertexto.com/feriados-2029.html]
[www.invertexto.com/feriados-2027.html]
[www.invertexto.com/feriados-2030.html]
[www.invertexto.com/feriados-2028.html]
[www.invertexto.com/fonts/clockicons.woff2]
[www.invertexto.com/fonts/clockicons.woff]
[www.invertexto.com/fonts/clockicons.ttf]
[www.invertexto.com/css/hora-certa.css]
[www.invertexto.com/hora-certa/brasilia.html]
[www.invertexto.com/hora-certa/manaus.html]
[www.invertexto.com/hora-certa/fernando-de-noronha.html]
[www.invertexto.com/hora-certa/sao-paulo.html]
[www.invertexto.com/hora-certa/recife.html]
[www.invertexto.com/hora-certa/fortaleza.html]
[www.invertexto.com/hora-certa/salvador.html]
[www.invertexto.com/hora-certa/cuiaba.html]
[www.invertexto.com/hora-certa/rio-de-janeiro.html]
[cdn.invertexto.com/img/face-timeglass.png]
[www.invertexto.com/img/icon-fb.png]
[www.invertexto.com/img/icon-twitter.png]
[www.invertexto.com/c/2027.html]
[www.invertexto.com/c/2028.html]
[www.invertexto.com/c/natal.html]
[www.invertexto.com/calendario-lunar-2026.html]
[cdn.invertexto.com/js/jquery.countdown.min.js]
[www.invertexto.com/calendario-lunar-2022.html]
[www.invertexto.com/calendario-lunar-2023.html]
[www.invertexto.com/calendario-lunar-janeiro-2024.html]
[www.invertexto.com/calendario-lunar-fevereiro-2024.html]
[www.invertexto.com/calendario-lunar-marco-2024.html]
[www.invertexto.com/calendario-lunar-abril-2024.html]
[www.invertexto.com/calendario-lunar-maio-2024.html]
[www.invertexto.com/calendario-lunar-junho-2024.html]
[www.invertexto.com/calendario-lunar-julho-2024.html]
[www.invertexto.com/calendario-lunar-agosto-2024.html]
[www.invertexto.com/calendario-lunar-setembro-2024.html]
[www.invertexto.com/calendario-lunar-outubro-2024.html]
[www.invertexto.com/calendario-lunar-novembro-2024.html]
[www.invertexto.com/calendario-lunar-2024.html]
[www.invertexto.com/calendario-lunar-dezembro-2024.html]
[www.invertexto.com/calendario-lunar-janeiro-2025.html]
[www.invertexto.com/calendario-lunar-fevereiro-2025.html]
[www.invertexto.com/calendario-lunar-marco-2025.html]
[www.invertexto.com/calendario-lunar-abril-2025.html]
[www.invertexto.com/calendario-lunar-maio-2025.html]
[www.invertexto.com/calendario-lunar-junho-2025.html]
[www.invertexto.com/calendario-lunar-julho-2025.html]
[www.invertexto.com/calendario-lunar-agosto-2025.html]
[www.invertexto.com/calendario-lunar-setembro-2025.html]
[www.invertexto.com/calendario-lunar-outubro-2025.html]
[www.invertexto.com/calendario-lunar-novembro-2025.html]
[www.invertexto.com/calendario-lunar-2025.html]
[www.invertexto.com/calendario-lunar-dezembro-2025.html]
[www.invertexto.com/calendario-lunar-2029.html]
[www.invertexto.com/calendario-lunar-janeiro-2027.html]
[www.invertexto.com/calendario-lunar-fevereiro-2027.html]
[www.invertexto.com/calendario-lunar-marco-2027.html]
[www.invertexto.com/calendario-lunar-abril-2027.html]
[www.invertexto.com/calendario-lunar-maio-2027.html]
[www.invertexto.com/calendario-lunar-junho-2027.html]
[www.invertexto.com/calendario-lunar-julho-2027.html]
[www.invertexto.com/calendario-lunar-agosto-2027.html]
[www.invertexto.com/calendario-lunar-setembro-2027.html]
[www.invertexto.com/calendario-lunar-outubro-2027.html]
[www.invertexto.com/calendario-lunar-novembro-2027.html]
[www.invertexto.com/calendario-lunar-dezembro-2027.html]
[www.invertexto.com/calendario-lunar-2027.html]
[www.invertexto.com/calendario-lunar-2030.html]
[www.invertexto.com/calendario-lunar-janeiro-2028.html]
[www.invertexto.com/calendario-lunar-fevereiro-2028.html]
[www.invertexto.com/calendario-lunar-marco-2028.html]
[www.invertexto.com/calendario-lunar-abril-2028.html]
[www.invertexto.com/calendario-lunar-maio-2028.html]
[www.invertexto.com/calendario-lunar-junho-2028.html]
[www.invertexto.com/calendario-lunar-julho-2028.html]
[www.invertexto.com/calendario-lunar-agosto-2028.html]
[www.invertexto.com/calendario-lunar-setembro-2028.html]
[www.invertexto.com/calendario-lunar-outubro-2028.html]
[www.invertexto.com/calendario-lunar-novembro-2028.html]
[www.invertexto.com/calendario-lunar-2028.html]
[www.invertexto.com/calendario-lunar-dezembro-2028.html]
[www.invertexto.com/calendario-lunar-janeiro-2026.html]
[www.invertexto.com/calendario-lunar-fevereiro-2026.html]
[www.invertexto.com/calendario-lunar-marco-2026.html]
[www.invertexto.com/calendario-lunar-abril-2026.html]
[www.invertexto.com/calendario-lunar-maio-2026.html]
[www.invertexto.com/calendario-lunar-junho-2026.html]
[www.invertexto.com/calendario-lunar-julho-2026.html]
[www.invertexto.com/calendario-lunar-agosto-2026.html]
[www.invertexto.com/calendario-lunar-setembro-2026.html]
[www.invertexto.com/calendario-lunar-outubro-2026.html]
[www.invertexto.com/calendario-lunar-novembro-2026.html]
[www.invertexto.com/calendario-lunar-dezembro-2026.html]
[www.invertexto.com/img/seasons/winter.svg]
[www.invertexto.com/img/seasons/spring.svg]
[www.invertexto.com/img/seasons/summer.svg]
[www.invertexto.com/img/seasons/autumn.svg]
[www.invertexto.com/css/dd.css]
[www.invertexto.com/js/quantities.min.js]
[www.invertexto.com/css/icons/flagssprite_small.png]
[www.invertexto.com/css/flags.css]
[www.invertexto.com/valor-salario-minimo/2026.html]
[www.invertexto.com/valor-salario-minimo/2025.html]
[www.invertexto.com/valor-salario-minimo/2024.html]
[www.invertexto.com/valor-salario-minimo/2023.html]
[www.invertexto.com/valor-salario-minimo/2022.html]
[www.invertexto.com/valor-salario-minimo/2021.html]
[www.invertexto.com/valor-salario-minimo/2020.html]
[www.invertexto.com/valor-salario-minimo/2019.html]
[www.invertexto.com/valor-salario-minimo/2018.html]
[www.invertexto.com/valor-salario-minimo/2017.html]
[www.invertexto.com/valor-salario-minimo/2016.html]
[www.invertexto.com/valor-salario-minimo/2015.html]
[www.invertexto.com/valor-salario-minimo/2014.html]
[www.invertexto.com/valor-salario-minimo/2013.html]
[www.invertexto.com/valor-salario-minimo/2012.html]
[www.invertexto.com/valor-salario-minimo/2011.html]
[www.invertexto.com/valor-salario-minimo/2010.html]
[www.invertexto.com/valor-salario-minimo/2009.html]
[www.invertexto.com/valor-salario-minimo/2008.html]
[www.invertexto.com/valor-salario-minimo/2007.html]
[www.invertexto.com/valor-salario-minimo/2006.html]
[www.invertexto.com/valor-salario-minimo/2005.html]
[www.invertexto.com/valor-salario-minimo/2004.html]
[www.invertexto.com/valor-salario-minimo/2003.html]
[www.invertexto.com/valor-salario-minimo/2002.html]
[www.invertexto.com/valor-salario-minimo/2001.html]
[www.invertexto.com/valor-salario-minimo/2000.html]
[www.invertexto.com/dns-lookup-api.json]
[www.instagram.com/embed.js]
[www.invertexto.com/img/flags.png]
[www.invertexto.com/css/intlTelInput.min.css]
[cdn.jsdelivr.net/npm/dropzone@6.0.0-beta.2/dist/dropzone.css]
[www.invertexto.com/css/dropzone.min.css]
[www.invertexto.com/css/cropper.css]
[www.invertexto.com/img/search-minus-solid.svg]
[www.invertexto.com/img/search-plus-solid.svg]
[www.invertexto.com/img/undo-alt-solid.svg]
[www.invertexto.com/img/redo-alt-solid.svg]
[www.invertexto.com/img/arrows-alt-h-solid.svg]
[www.invertexto.com/img/arrows-alt-v-solid.svg]
[www.invertexto.com/css/simbolos-para-copiar-1.css]
[api.mapbox.com/mapbox-gl-js/v2.14.1/mapbox-gl.css]
[api.mapbox.com/mapbox-gl-js/plugins/mapbox-gl-geocoder/v5.0.0/mapbox-gl-geocoder.css]
[www.invertexto.com/img/barbecue-sprite.svg]
[www.invertexto.com/tela-preta.html]
[www.invertexto.com/tela-vermelha.html]
[www.invertexto.com/tela-verde.html]
[www.invertexto.com/tela-azul.html]
[www.invertexto.com/tela-rosa.html]
[www.invertexto.com/tela-cinza.html]
[www.invertexto.com/tela-laranja.html]
[www.invertexto.com/tela-roxa.html]
[www.invertexto.com/tela-amarela.html]
[www.invertexto.com/img/icons/rectangle.svg]
[www.invertexto.com/img/icons/circle.svg]
[www.invertexto.com/img/icons/triangle.svg]
[www.invertexto.com/img/icons/brush.svg]
[www.invertexto.com/img/icons/eraser.svg]
[www.invertexto.com/calendario/2023.html]
[www.invertexto.com/calendario/2024.html]
[www.invertexto.com/calendario/2029.html]
[www.invertexto.com/calendario/2028.html]
[www.invertexto.com/feriados-2020.html]
[www.invertexto.com/feriados-2022.html]
[www.invertexto.com/feriados-2023.html]
[www.invertexto.com/feriados-2021.html]
[www.invertexto.com/feriados-2031.html]
[www.invertexto.com/feriados-2029.html]
[www.invertexto.com/feriados-2032.html]
[www.invertexto.com/feriados-2030.html]
[www.invertexto.com/fonts/clockicons.svg]
[www.invertexto.com/calendario-lunar-2020.html]
[www.invertexto.com/calendario-lunar-2021.html]
[www.invertexto.com/calendario-lunar-janeiro-2022.html]
[www.invertexto.com/calendario-lunar-fevereiro-2022.html]
[www.invertexto.com/calendario-lunar-marco-2022.html]
[www.invertexto.com/calendario-lunar-abril-2022.html]
[www.invertexto.com/calendario-lunar-maio-2022.html]
[www.invertexto.com/calendario-lunar-junho-2022.html]
[www.invertexto.com/calendario-lunar-julho-2022.html]
[www.invertexto.com/calendario-lunar-agosto-2022.html]
[www.invertexto.com/calendario-lunar-setembro-2022.html]
[www.invertexto.com/calendario-lunar-outubro-2022.html]
[www.invertexto.com/calendario-lunar-novembro-2022.html]
[www.invertexto.com/calendario-lunar-2022.html]
[www.invertexto.com/calendario-lunar-dezembro-2022.html]
[www.invertexto.com/calendario-lunar-janeiro-2023.html]
[www.invertexto.com/calendario-lunar-fevereiro-2023.html]
[www.invertexto.com/calendario-lunar-marco-2023.html]
[www.invertexto.com/calendario-lunar-abril-2023.html]
[www.invertexto.com/calendario-lunar-maio-2023.html]
[www.invertexto.com/calendario-lunar-junho-2023.html]
[www.invertexto.com/calendario-lunar-julho-2023.html]
[www.invertexto.com/calendario-lunar-agosto-2023.html]
[www.invertexto.com/calendario-lunar-setembro-2023.html]
[www.invertexto.com/calendario-lunar-outubro-2023.html]
[www.invertexto.com/calendario-lunar-novembro-2023.html]
[www.invertexto.com/calendario-lunar-2023.html]
[www.invertexto.com/calendario-lunar-dezembro-2023.html]
[www.invertexto.com/calendario-lunar-janeiro-2024.html]
[www.invertexto.com/calendario-lunar-fevereiro-2024.html]
[www.invertexto.com/calendario-lunar-marco-2024.html]
[www.invertexto.com/calendario-lunar-abril-2024.html]
[www.invertexto.com/calendario-lunar-maio-2024.html]
[www.invertexto.com/calendario-lunar-junho-2024.html]
[www.invertexto.com/calendario-lunar-julho-2024.html]
[www.invertexto.com/calendario-lunar-agosto-2024.html]
[www.invertexto.com/calendario-lunar-setembro-2024.html]
[www.invertexto.com/calendario-lunar-outubro-2024.html]
[www.invertexto.com/calendario-lunar-novembro-2024.html]
[www.invertexto.com/calendario-lunar-dezembro-2024.html]
[www.invertexto.com/calendario-lunar-janeiro-2025.html]
[www.invertexto.com/calendario-lunar-fevereiro-2025.html]
[www.invertexto.com/calendario-lunar-marco-2025.html]
[www.invertexto.com/calendario-lunar-abril-2025.html]
[www.invertexto.com/calendario-lunar-maio-2025.html]
[www.invertexto.com/calendario-lunar-junho-2025.html]
[www.invertexto.com/calendario-lunar-julho-2025.html]
[www.invertexto.com/calendario-lunar-agosto-2025.html]
[www.invertexto.com/calendario-lunar-setembro-2025.html]
[www.invertexto.com/calendario-lunar-outubro-2025.html]
[www.invertexto.com/calendario-lunar-novembro-2025.html]
[www.invertexto.com/calendario-lunar-dezembro-2025.html]
[www.invertexto.com/calendario-lunar-2031.html]
[www.invertexto.com/calendario-lunar-janeiro-2029.html]
[www.invertexto.com/calendario-lunar-fevereiro-2029.html]
[www.invertexto.com/calendario-lunar-marco-2029.html]
[www.invertexto.com/calendario-lunar-abril-2029.html]
[www.invertexto.com/calendario-lunar-maio-2029.html]
[www.invertexto.com/calendario-lunar-junho-2029.html]
[www.invertexto.com/calendario-lunar-julho-2029.html]
[www.invertexto.com/calendario-lunar-agosto-2029.html]
[www.invertexto.com/calendario-lunar-setembro-2029.html]
[www.invertexto.com/calendario-lunar-outubro-2029.html]
[www.invertexto.com/calendario-lunar-novembro-2029.html]
[www.invertexto.com/calendario-lunar-2029.html]
[www.invertexto.com/calendario-lunar-dezembro-2029.html]
[www.invertexto.com/calendario-lunar-janeiro-2027.html]
[www.invertexto.com/calendario-lunar-fevereiro-2027.html]
[www.invertexto.com/calendario-lunar-marco-2027.html]
[www.invertexto.com/calendario-lunar-abril-2027.html]
[www.invertexto.com/calendario-lunar-maio-2027.html]
[www.invertexto.com/calendario-lunar-junho-2027.html]
[www.invertexto.com/calendario-lunar-julho-2027.html]
[www.invertexto.com/calendario-lunar-agosto-2027.html]
[www.invertexto.com/calendario-lunar-setembro-2027.html]
[www.invertexto.com/calendario-lunar-outubro-2027.html]
[www.invertexto.com/calendario-lunar-novembro-2027.html]
[www.invertexto.com/calendario-lunar-dezembro-2027.html]
[www.invertexto.com/calendario-lunar-2032.html]
[www.invertexto.com/calendario-lunar-janeiro-2030.html]
[www.invertexto.com/calendario-lunar-fevereiro-2030.html]
[www.invertexto.com/calendario-lunar-marco-2030.html]
[www.invertexto.com/calendario-lunar-abril-2030.html]
[www.invertexto.com/calendario-lunar-maio-2030.html]
[www.invertexto.com/calendario-lunar-junho-2030.html]
[www.invertexto.com/calendario-lunar-julho-2030.html]
[www.invertexto.com/calendario-lunar-agosto-2030.html]
[www.invertexto.com/calendario-lunar-setembro-2030.html]
[www.invertexto.com/calendario-lunar-outubro-2030.html]
[www.invertexto.com/calendario-lunar-novembro-2030.html]
[www.invertexto.com/calendario-lunar-2030.html]
[www.invertexto.com/calendario-lunar-dezembro-2030.html]
[www.invertexto.com/calendario-lunar-janeiro-2028.html]
[www.invertexto.com/calendario-lunar-fevereiro-2028.html]
[www.invertexto.com/calendario-lunar-marco-2028.html]
[www.invertexto.com/calendario-lunar-abril-2028.html]
[www.invertexto.com/calendario-lunar-maio-2028.html]
[www.invertexto.com/calendario-lunar-junho-2028.html]
[www.invertexto.com/calendario-lunar-julho-2028.html]
[www.invertexto.com/calendario-lunar-agosto-2028.html]
[www.invertexto.com/calendario-lunar-setembro-2028.html]
[www.invertexto.com/calendario-lunar-outubro-2028.html]
[www.invertexto.com/calendario-lunar-novembro-2028.html]
[www.invertexto.com/calendario-lunar-dezembro-2028.html]
[www.invertexto.com/chrome-extension_/index.html]
[www.invertexto.com/$1/index.html]
[www.invertexto.com/embed/index.html]
[www.invertexto.com/captioned/index.html]
[www.invertexto.com/img/flags@2x.html]
[www.invertexto.com/calendario/2022.html]
[www.invertexto.com/calendario/2023.html]
[www.invertexto.com/calendario/2030.html]
[www.invertexto.com/calendario/2029.html]
[www.invertexto.com/feriados-2020.html]
[www.invertexto.com/feriados-2021.html]
[www.invertexto.com/feriados-2033.html]
[www.invertexto.com/feriados-2031.html]
[www.invertexto.com/feriados-2034.html]
[www.invertexto.com/feriados-2032.html]
[www.invertexto.com/calendario-lunar-2018.html]
[www.invertexto.com/calendario-lunar-2019.html]
[www.invertexto.com/calendario-lunar-janeiro-2020.html]
[www.invertexto.com/calendario-lunar-fevereiro-2020.html]
[www.invertexto.com/calendario-lunar-marco-2020.html]
[www.invertexto.com/calendario-lunar-abril-2020.html]
[www.invertexto.com/calendario-lunar-maio-2020.html]
[www.invertexto.com/calendario-lunar-junho-2020.html]
[www.invertexto.com/calendario-lunar-julho-2020.html]
[www.invertexto.com/calendario-lunar-agosto-2020.html]
[www.invertexto.com/calendario-lunar-setembro-2020.html]
[www.invertexto.com/calendario-lunar-outubro-2020.html]
[www.invertexto.com/calendario-lunar-novembro-2020.html]
[www.invertexto.com/calendario-lunar-dezembro-2020.html]
[www.invertexto.com/calendario-lunar-2020.html]
[www.invertexto.com/calendario-lunar-janeiro-2021.html]
[www.invertexto.com/calendario-lunar-fevereiro-2021.html]
[www.invertexto.com/calendario-lunar-marco-2021.html]
[www.invertexto.com/calendario-lunar-abril-2021.html]
[www.invertexto.com/calendario-lunar-maio-2021.html]
[www.invertexto.com/calendario-lunar-junho-2021.html]
[www.invertexto.com/calendario-lunar-julho-2021.html]
[www.invertexto.com/calendario-lunar-agosto-2021.html]
[www.invertexto.com/calendario-lunar-setembro-2021.html]
[www.invertexto.com/calendario-lunar-outubro-2021.html]
[www.invertexto.com/calendario-lunar-novembro-2021.html]
[www.invertexto.com/calendario-lunar-2021.html]
[www.invertexto.com/calendario-lunar-dezembro-2021.html]
[www.invertexto.com/calendario-lunar-janeiro-2022.html]
[www.invertexto.com/calendario-lunar-fevereiro-2022.html]
[www.invertexto.com/calendario-lunar-marco-2022.html]
[www.invertexto.com/calendario-lunar-abril-2022.html]
[www.invertexto.com/calendario-lunar-maio-2022.html]
[www.invertexto.com/calendario-lunar-junho-2022.html]
[www.invertexto.com/calendario-lunar-julho-2022.html]
[www.invertexto.com/calendario-lunar-agosto-2022.html]
[www.invertexto.com/calendario-lunar-setembro-2022.html]
[www.invertexto.com/calendario-lunar-outubro-2022.html]
[www.invertexto.com/calendario-lunar-novembro-2022.html]
[www.invertexto.com/calendario-lunar-dezembro-2022.html]
[www.invertexto.com/calendario-lunar-janeiro-2023.html]
[www.invertexto.com/calendario-lunar-fevereiro-2023.html]
[www.invertexto.com/calendario-lunar-marco-2023.html]
[www.invertexto.com/calendario-lunar-abril-2023.html]
[www.invertexto.com/calendario-lunar-maio-2023.html]
[www.invertexto.com/calendario-lunar-junho-2023.html]
[www.invertexto.com/calendario-lunar-julho-2023.html]
[www.invertexto.com/calendario-lunar-agosto-2023.html]
[www.invertexto.com/calendario-lunar-setembro-2023.html]
[www.invertexto.com/calendario-lunar-outubro-2023.html]
[www.invertexto.com/calendario-lunar-novembro-2023.html]
[www.invertexto.com/calendario-lunar-dezembro-2023.html]
[www.invertexto.com/calendario-lunar-2033.html]
[www.invertexto.com/calendario-lunar-janeiro-2031.html]
[www.invertexto.com/calendario-lunar-fevereiro-2031.html]
[www.invertexto.com/calendario-lunar-marco-2031.html]
[www.invertexto.com/calendario-lunar-abril-2031.html]
[www.invertexto.com/calendario-lunar-maio-2031.html]
[www.invertexto.com/calendario-lunar-junho-2031.html]
[www.invertexto.com/calendario-lunar-julho-2031.html]
[www.invertexto.com/calendario-lunar-agosto-2031.html]
[www.invertexto.com/calendario-lunar-setembro-2031.html]
[www.invertexto.com/calendario-lunar-outubro-2031.html]
[www.invertexto.com/calendario-lunar-novembro-2031.html]
[www.invertexto.com/calendario-lunar-2031.html]
[www.invertexto.com/calendario-lunar-dezembro-2031.html]
[www.invertexto.com/calendario-lunar-janeiro-2029.html]
[www.invertexto.com/calendario-lunar-fevereiro-2029.html]
[www.invertexto.com/calendario-lunar-marco-2029.html]
[www.invertexto.com/calendario-lunar-abril-2029.html]
[www.invertexto.com/calendario-lunar-maio-2029.html]
[www.invertexto.com/calendario-lunar-junho-2029.html]
[www.invertexto.com/calendario-lunar-julho-2029.html]
[www.invertexto.com/calendario-lunar-agosto-2029.html]
[www.invertexto.com/calendario-lunar-setembro-2029.html]
[www.invertexto.com/calendario-lunar-outubro-2029.html]
[www.invertexto.com/calendario-lunar-novembro-2029.html]
[www.invertexto.com/calendario-lunar-dezembro-2029.html]
[www.invertexto.com/calendario-lunar-2034.html]
[www.invertexto.com/calendario-lunar-janeiro-2032.html]
[www.invertexto.com/calendario-lunar-fevereiro-2032.html]
[www.invertexto.com/calendario-lunar-marco-2032.html]
[www.invertexto.com/calendario-lunar-abril-2032.html]
[www.invertexto.com/calendario-lunar-maio-2032.html]
[www.invertexto.com/calendario-lunar-junho-2032.html]
[www.invertexto.com/calendario-lunar-julho-2032.html]
[www.invertexto.com/calendario-lunar-agosto-2032.html]
[www.invertexto.com/calendario-lunar-setembro-2032.html]
[www.invertexto.com/calendario-lunar-outubro-2032.html]
[www.invertexto.com/calendario-lunar-novembro-2032.html]
[www.invertexto.com/calendario-lunar-2032.html]
[www.invertexto.com/calendario-lunar-dezembro-2032.html]
[www.invertexto.com/calendario-lunar-janeiro-2030.html]
[www.invertexto.com/calendario-lunar-fevereiro-2030.html]
[www.invertexto.com/calendario-lunar-marco-2030.html]
[www.invertexto.com/calendario-lunar-abril-2030.html]
[www.invertexto.com/calendario-lunar-maio-2030.html]
[www.invertexto.com/calendario-lunar-junho-2030.html]
[www.invertexto.com/calendario-lunar-julho-2030.html]
[www.invertexto.com/calendario-lunar-agosto-2030.html]
[www.invertexto.com/calendario-lunar-setembro-2030.html]
[www.invertexto.com/calendario-lunar-outubro-2030.html]
[www.invertexto.com/calendario-lunar-novembro-2030.html]
[www.invertexto.com/calendario-lunar-dezembro-2030.html]
[www.invertexto.com/chrome-extension_.html]
[www.invertexto.com/$1.html]
[www.invertexto.com/embed.html]
[www.invertexto.com/captioned.html]
[www.invertexto.com/calendario/2021.html]
[www.invertexto.com/calendario/2022.html]
[www.invertexto.com/calendario/2031.html]
[www.invertexto.com/calendario/2030.html]
[www.invertexto.com/feriados-2033.html]
[www.invertexto.com/feriados-2034.html]
[www.invertexto.com/calendario-lunar-2016.html]
[www.invertexto.com/calendario-lunar-2017.html]
[www.invertexto.com/calendario-lunar-janeiro-2018.html]
[www.invertexto.com/calendario-lunar-fevereiro-2018.html]
[www.invertexto.com/calendario-lunar-marco-2018.html]
[www.invertexto.com/calendario-lunar-abril-2018.html]
[www.invertexto.com/calendario-lunar-maio-2018.html]
[www.invertexto.com/calendario-lunar-junho-2018.html]
[www.invertexto.com/calendario-lunar-julho-2018.html]
[www.invertexto.com/calendario-lunar-agosto-2018.html]
[www.invertexto.com/calendario-lunar-setembro-2018.html]
[www.invertexto.com/calendario-lunar-outubro-2018.html]
[www.invertexto.com/calendario-lunar-novembro-2018.html]
[www.invertexto.com/calendario-lunar-2018.html]
[www.invertexto.com/calendario-lunar-dezembro-2018.html]
[www.invertexto.com/calendario-lunar-janeiro-2019.html]
[www.invertexto.com/calendario-lunar-fevereiro-2019.html]
[www.invertexto.com/calendario-lunar-marco-2019.html]
[www.invertexto.com/calendario-lunar-abril-2019.html]
[www.invertexto.com/calendario-lunar-maio-2019.html]
[www.invertexto.com/calendario-lunar-junho-2019.html]
[www.invertexto.com/calendario-lunar-julho-2019.html]
[www.invertexto.com/calendario-lunar-agosto-2019.html]
[www.invertexto.com/calendario-lunar-setembro-2019.html]
[www.invertexto.com/calendario-lunar-outubro-2019.html]
[www.invertexto.com/calendario-lunar-novembro-2019.html]
[www.invertexto.com/calendario-lunar-2019.html]
[www.invertexto.com/calendario-lunar-dezembro-2019.html]
[www.invertexto.com/calendario-lunar-janeiro-2020.html]
[www.invertexto.com/calendario-lunar-fevereiro-2020.html]
[www.invertexto.com/calendario-lunar-marco-2020.html]
[www.invertexto.com/calendario-lunar-abril-2020.html]
[www.invertexto.com/calendario-lunar-maio-2020.html]
[www.invertexto.com/calendario-lunar-junho-2020.html]
[www.invertexto.com/calendario-lunar-julho-2020.html]
[www.invertexto.com/calendario-lunar-agosto-2020.html]
[www.invertexto.com/calendario-lunar-setembro-2020.html]
[www.invertexto.com/calendario-lunar-outubro-2020.html]
[www.invertexto.com/calendario-lunar-novembro-2020.html]
[www.invertexto.com/calendario-lunar-dezembro-2020.html]
[www.invertexto.com/calendario-lunar-janeiro-2021.html]
[www.invertexto.com/calendario-lunar-fevereiro-2021.html]
[www.invertexto.com/calendario-lunar-marco-2021.html]
[www.invertexto.com/calendario-lunar-abril-2021.html]
[www.invertexto.com/calendario-lunar-maio-2021.html]
[www.invertexto.com/calendario-lunar-junho-2021.html]
[www.invertexto.com/calendario-lunar-julho-2021.html]
[www.invertexto.com/calendario-lunar-agosto-2021.html]
[www.invertexto.com/calendario-lunar-setembro-2021.html]
[www.invertexto.com/calendario-lunar-outubro-2021.html]
[www.invertexto.com/calendario-lunar-novembro-2021.html]
[www.invertexto.com/calendario-lunar-dezembro-2021.html]
[www.invertexto.com/calendario-lunar-2035.html]
[www.invertexto.com/calendario-lunar-janeiro-2033.html]
[www.invertexto.com/calendario-lunar-fevereiro-2033.html]
[www.invertexto.com/calendario-lunar-marco-2033.html]
[www.invertexto.com/calendario-lunar-abril-2033.html]
[www.invertexto.com/calendario-lunar-maio-2033.html]
[www.invertexto.com/calendario-lunar-junho-2033.html]
[www.invertexto.com/calendario-lunar-julho-2033.html]
[www.invertexto.com/calendario-lunar-agosto-2033.html]
[www.invertexto.com/calendario-lunar-setembro-2033.html]
[www.invertexto.com/calendario-lunar-outubro-2033.html]
[www.invertexto.com/calendario-lunar-novembro-2033.html]
[www.invertexto.com/calendario-lunar-2033.html]
[www.invertexto.com/calendario-lunar-dezembro-2033.html]
[www.invertexto.com/calendario-lunar-janeiro-2031.html]
[www.invertexto.com/calendario-lunar-fevereiro-2031.html]
[www.invertexto.com/calendario-lunar-marco-2031.html]
[www.invertexto.com/calendario-lunar-abril-2031.html]
[www.invertexto.com/calendario-lunar-maio-2031.html]
[www.invertexto.com/calendario-lunar-junho-2031.html]
[www.invertexto.com/calendario-lunar-julho-2031.html]
[www.invertexto.com/calendario-lunar-agosto-2031.html]
[www.invertexto.com/calendario-lunar-setembro-2031.html]
[www.invertexto.com/calendario-lunar-outubro-2031.html]
[www.invertexto.com/calendario-lunar-novembro-2031.html]
[www.invertexto.com/calendario-lunar-dezembro-2031.html]
[www.invertexto.com/calendario-lunar-2036.html]
[www.invertexto.com/calendario-lunar-janeiro-2034.html]
[www.invertexto.com/calendario-lunar-fevereiro-2034.html]
[www.invertexto.com/calendario-lunar-marco-2034.html]
[www.invertexto.com/calendario-lunar-abril-2034.html]
[www.invertexto.com/calendario-lunar-maio-2034.html]
[www.invertexto.com/calendario-lunar-junho-2034.html]
[www.invertexto.com/calendario-lunar-julho-2034.html]
[www.invertexto.com/calendario-lunar-agosto-2034.html]
[www.invertexto.com/calendario-lunar-setembro-2034.html]
[www.invertexto.com/calendario-lunar-outubro-2034.html]
[www.invertexto.com/calendario-lunar-novembro-2034.html]
[www.invertexto.com/calendario-lunar-2034.html]
[www.invertexto.com/calendario-lunar-dezembro-2034.html]
[www.invertexto.com/calendario-lunar-janeiro-2032.html]
[www.invertexto.com/calendario-lunar-fevereiro-2032.html]
[www.invertexto.com/calendario-lunar-marco-2032.html]
[www.invertexto.com/calendario-lunar-abril-2032.html]
[www.invertexto.com/calendario-lunar-maio-2032.html]
[www.invertexto.com/calendario-lunar-junho-2032.html]
[www.invertexto.com/calendario-lunar-julho-2032.html]
[www.invertexto.com/calendario-lunar-agosto-2032.html]
[www.invertexto.com/calendario-lunar-setembro-2032.html]
[www.invertexto.com/calendario-lunar-outubro-2032.html]
[www.invertexto.com/calendario-lunar-novembro-2032.html]
[www.invertexto.com/calendario-lunar-dezembro-2032.html]
[www.invertexto.com/calendario/2020.html]
[www.invertexto.com/calendario/2021.html]
[www.invertexto.com/calendario/2032.html]
[www.invertexto.com/calendario/2031.html]
[www.invertexto.com/calendario-lunar-2014.html]
[www.invertexto.com/calendario-lunar-2015.html]
[www.invertexto.com/calendario-lunar-janeiro-2016.html]
[www.invertexto.com/calendario-lunar-fevereiro-2016.html]
[www.invertexto.com/calendario-lunar-marco-2016.html]
[www.invertexto.com/calendario-lunar-abril-2016.html]
[www.invertexto.com/calendario-lunar-maio-2016.html]
[www.invertexto.com/calendario-lunar-junho-2016.html]
[www.invertexto.com/calendario-lunar-julho-2016.html]
[www.invertexto.com/calendario-lunar-agosto-2016.html]
[www.invertexto.com/calendario-lunar-setembro-2016.html]
[www.invertexto.com/calendario-lunar-outubro-2016.html]
[www.invertexto.com/calendario-lunar-novembro-2016.html]
[www.invertexto.com/calendario-lunar-2016.html]
[www.invertexto.com/calendario-lunar-dezembro-2016.html]
[www.invertexto.com/calendario-lunar-janeiro-2017.html]
[www.invertexto.com/calendario-lunar-fevereiro-2017.html]
[www.invertexto.com/calendario-lunar-marco-2017.html]
[www.invertexto.com/calendario-lunar-abril-2017.html]
[www.invertexto.com/calendario-lunar-maio-2017.html]
[www.invertexto.com/calendario-lunar-junho-2017.html]
[www.invertexto.com/calendario-lunar-julho-2017.html]
[www.invertexto.com/calendario-lunar-agosto-2017.html]
[www.invertexto.com/calendario-lunar-setembro-2017.html]
[www.invertexto.com/calendario-lunar-outubro-2017.html]
[www.invertexto.com/calendario-lunar-novembro-2017.html]
[www.invertexto.com/calendario-lunar-2017.html]
[www.invertexto.com/calendario-lunar-dezembro-2017.html]
[www.invertexto.com/calendario-lunar-janeiro-2018.html]
[www.invertexto.com/calendario-lunar-fevereiro-2018.html]
[www.invertexto.com/calendario-lunar-marco-2018.html]
[www.invertexto.com/calendario-lunar-abril-2018.html]
[www.invertexto.com/calendario-lunar-maio-2018.html]
[www.invertexto.com/calendario-lunar-junho-2018.html]
[www.invertexto.com/calendario-lunar-julho-2018.html]
[www.invertexto.com/calendario-lunar-agosto-2018.html]
[www.invertexto.com/calendario-lunar-setembro-2018.html]
[www.invertexto.com/calendario-lunar-outubro-2018.html]
[www.invertexto.com/calendario-lunar-novembro-2018.html]
[www.invertexto.com/calendario-lunar-dezembro-2018.html]
[www.invertexto.com/calendario-lunar-janeiro-2019.html]
[www.invertexto.com/calendario-lunar-fevereiro-2019.html]
[www.invertexto.com/calendario-lunar-marco-2019.html]
[www.invertexto.com/calendario-lunar-abril-2019.html]
[www.invertexto.com/calendario-lunar-maio-2019.html]
[www.invertexto.com/calendario-lunar-junho-2019.html]
[www.invertexto.com/calendario-lunar-julho-2019.html]
[www.invertexto.com/calendario-lunar-agosto-2019.html]
[www.invertexto.com/calendario-lunar-setembro-2019.html]
[www.invertexto.com/calendario-lunar-outubro-2019.html]
[www.invertexto.com/calendario-lunar-novembro-2019.html]
[www.invertexto.com/calendario-lunar-dezembro-2019.html]
[www.invertexto.com/calendario-lunar-2037.html]
[www.invertexto.com/calendario-lunar-janeiro-2035.html]
[www.invertexto.com/calendario-lunar-fevereiro-2035.html]
[www.invertexto.com/calendario-lunar-marco-2035.html]
[www.invertexto.com/calendario-lunar-abril-2035.html]
[www.invertexto.com/calendario-lunar-maio-2035.html]
[www.invertexto.com/calendario-lunar-junho-2035.html]
[www.invertexto.com/calendario-lunar-julho-2035.html]
[www.invertexto.com/calendario-lunar-agosto-2035.html]
[www.invertexto.com/calendario-lunar-setembro-2035.html]
[www.invertexto.com/calendario-lunar-outubro-2035.html]
[www.invertexto.com/calendario-lunar-novembro-2035.html]
[www.invertexto.com/calendario-lunar-2035.html]
[www.invertexto.com/calendario-lunar-dezembro-2035.html]
[www.invertexto.com/calendario-lunar-janeiro-2033.html]
[www.invertexto.com/calendario-lunar-fevereiro-2033.html]
[www.invertexto.com/calendario-lunar-marco-2033.html]
[www.invertexto.com/calendario-lunar-abril-2033.html]
[www.invertexto.com/calendario-lunar-maio-2033.html]
[www.invertexto.com/calendario-lunar-junho-2033.html]
[www.invertexto.com/calendario-lunar-julho-2033.html]
[www.invertexto.com/calendario-lunar-agosto-2033.html]
[www.invertexto.com/calendario-lunar-setembro-2033.html]
[www.invertexto.com/calendario-lunar-outubro-2033.html]
[www.invertexto.com/calendario-lunar-novembro-2033.html]
[www.invertexto.com/calendario-lunar-dezembro-2033.html]
[www.invertexto.com/calendario-lunar-2038.html]
[www.invertexto.com/calendario-lunar-janeiro-2036.html]
[www.invertexto.com/calendario-lunar-fevereiro-2036.html]
[www.invertexto.com/calendario-lunar-marco-2036.html]
[www.invertexto.com/calendario-lunar-abril-2036.html]
[www.invertexto.com/calendario-lunar-maio-2036.html]
[www.invertexto.com/calendario-lunar-junho-2036.html]
[www.invertexto.com/calendario-lunar-julho-2036.html]
[www.invertexto.com/calendario-lunar-agosto-2036.html]
[www.invertexto.com/calendario-lunar-setembro-2036.html]
[www.invertexto.com/calendario-lunar-outubro-2036.html]
[www.invertexto.com/calendario-lunar-novembro-2036.html]
[www.invertexto.com/calendario-lunar-2036.html]
[www.invertexto.com/calendario-lunar-dezembro-2036.html]
[www.invertexto.com/calendario-lunar-janeiro-2034.html]
[www.invertexto.com/calendario-lunar-fevereiro-2034.html]
[www.invertexto.com/calendario-lunar-marco-2034.html]
[www.invertexto.com/calendario-lunar-abril-2034.html]
[www.invertexto.com/calendario-lunar-maio-2034.html]
[www.invertexto.com/calendario-lunar-junho-2034.html]
[www.invertexto.com/calendario-lunar-julho-2034.html]
[www.invertexto.com/calendario-lunar-agosto-2034.html]
[www.invertexto.com/calendario-lunar-setembro-2034.html]
[www.invertexto.com/calendario-lunar-outubro-2034.html]
[www.invertexto.com/calendario-lunar-novembro-2034.html]
[www.invertexto.com/calendario-lunar-dezembro-2034.html]
[www.invertexto.com/calendario/2019.html]
[www.invertexto.com/calendario/2020.html]
[www.invertexto.com/calendario/2033.html]
[www.invertexto.com/calendario/2032.html]
[www.invertexto.com/calendario-lunar-2012.html]
[www.invertexto.com/calendario-lunar-2013.html]
[www.invertexto.com/calendario-lunar-janeiro-2014.html]
[www.invertexto.com/calendario-lunar-fevereiro-2014.html]
[www.invertexto.com/calendario-lunar-marco-2014.html]
[www.invertexto.com/calendario-lunar-abril-2014.html]
[www.invertexto.com/calendario-lunar-maio-2014.html]
[www.invertexto.com/calendario-lunar-junho-2014.html]
[www.invertexto.com/calendario-lunar-julho-2014.html]
[www.invertexto.com/calendario-lunar-agosto-2014.html]
[www.invertexto.com/calendario-lunar-setembro-2014.html]
[www.invertexto.com/calendario-lunar-outubro-2014.html]
[www.invertexto.com/calendario-lunar-novembro-2014.html]
[www.invertexto.com/calendario-lunar-2014.html]
[www.invertexto.com/calendario-lunar-dezembro-2014.html]
[www.invertexto.com/calendario-lunar-janeiro-2015.html]
[www.invertexto.com/calendario-lunar-fevereiro-2015.html]
[www.invertexto.com/calendario-lunar-marco-2015.html]
[www.invertexto.com/calendario-lunar-abril-2015.html]
[www.invertexto.com/calendario-lunar-maio-2015.html]
[www.invertexto.com/calendario-lunar-junho-2015.html]
[www.invertexto.com/calendario-lunar-julho-2015.html]
[www.invertexto.com/calendario-lunar-agosto-2015.html]
[www.invertexto.com/calendario-lunar-setembro-2015.html]
[www.invertexto.com/calendario-lunar-outubro-2015.html]
[www.invertexto.com/calendario-lunar-novembro-2015.html]
[www.invertexto.com/calendario-lunar-2015.html]
[www.invertexto.com/calendario-lunar-dezembro-2015.html]
[www.invertexto.com/calendario-lunar-janeiro-2016.html]
[www.invertexto.com/calendario-lunar-fevereiro-2016.html]
[www.invertexto.com/calendario-lunar-marco-2016.html]
[www.invertexto.com/calendario-lunar-abril-2016.html]
[www.invertexto.com/calendario-lunar-maio-2016.html]
[www.invertexto.com/calendario-lunar-junho-2016.html]
[www.invertexto.com/calendario-lunar-julho-2016.html]
[www.invertexto.com/calendario-lunar-agosto-2016.html]
[www.invertexto.com/calendario-lunar-setembro-2016.html]
[www.invertexto.com/calendario-lunar-outubro-2016.html]
[www.invertexto.com/calendario-lunar-novembro-2016.html]
[www.invertexto.com/calendario-lunar-dezembro-2016.html]
[www.invertexto.com/calendario-lunar-janeiro-2017.html]
[www.invertexto.com/calendario-lunar-fevereiro-2017.html]
[www.invertexto.com/calendario-lunar-marco-2017.html]
[www.invertexto.com/calendario-lunar-abril-2017.html]
[www.invertexto.com/calendario-lunar-maio-2017.html]
[www.invertexto.com/calendario-lunar-junho-2017.html]
[www.invertexto.com/calendario-lunar-julho-2017.html]
[www.invertexto.com/calendario-lunar-agosto-2017.html]
[www.invertexto.com/calendario-lunar-setembro-2017.html]
[www.invertexto.com/calendario-lunar-outubro-2017.html]
[www.invertexto.com/calendario-lunar-novembro-2017.html]
[www.invertexto.com/calendario-lunar-dezembro-2017.html]
[www.invertexto.com/calendario-lunar-2039.html]
[www.invertexto.com/calendario-lunar-janeiro-2037.html]
[www.invertexto.com/calendario-lunar-fevereiro-2037.html]
[www.invertexto.com/calendario-lunar-marco-2037.html]
[www.invertexto.com/calendario-lunar-abril-2037.html]
[www.invertexto.com/calendario-lunar-maio-2037.html]
[www.invertexto.com/calendario-lunar-junho-2037.html]
[www.invertexto.com/calendario-lunar-julho-2037.html]
[www.invertexto.com/calendario-lunar-agosto-2037.html]
[www.invertexto.com/calendario-lunar-setembro-2037.html]
[www.invertexto.com/calendario-lunar-outubro-2037.html]
[www.invertexto.com/calendario-lunar-novembro-2037.html]
[www.invertexto.com/calendario-lunar-2037.html]
[www.invertexto.com/calendario-lunar-dezembro-2037.html]
[www.invertexto.com/calendario-lunar-janeiro-2035.html]
[www.invertexto.com/calendario-lunar-fevereiro-2035.html]
[www.invertexto.com/calendario-lunar-marco-2035.html]
[www.invertexto.com/calendario-lunar-abril-2035.html]
[www.invertexto.com/calendario-lunar-maio-2035.html]
[www.invertexto.com/calendario-lunar-junho-2035.html]
[www.invertexto.com/calendario-lunar-julho-2035.html]
[www.invertexto.com/calendario-lunar-agosto-2035.html]
[www.invertexto.com/calendario-lunar-setembro-2035.html]
[www.invertexto.com/calendario-lunar-outubro-2035.html]
[www.invertexto.com/calendario-lunar-novembro-2035.html]
[www.invertexto.com/calendario-lunar-dezembro-2035.html]
[www.invertexto.com/calendario-lunar-2040.html]
[www.invertexto.com/calendario-lunar-janeiro-2038.html]
[www.invertexto.com/calendario-lunar-fevereiro-2038.html]
[www.invertexto.com/calendario-lunar-marco-2038.html]
[www.invertexto.com/calendario-lunar-abril-2038.html]
[www.invertexto.com/calendario-lunar-maio-2038.html]
[www.invertexto.com/calendario-lunar-junho-2038.html]
[www.invertexto.com/calendario-lunar-julho-2038.html]
[www.invertexto.com/calendario-lunar-agosto-2038.html]
[www.invertexto.com/calendario-lunar-setembro-2038.html]
[www.invertexto.com/calendario-lunar-outubro-2038.html]
[www.invertexto.com/calendario-lunar-novembro-2038.html]
[www.invertexto.com/calendario-lunar-2038.html]
[www.invertexto.com/calendario-lunar-dezembro-2038.html]
[www.invertexto.com/calendario-lunar-janeiro-2036.html]
[www.invertexto.com/calendario-lunar-fevereiro-2036.html]
[www.invertexto.com/calendario-lunar-marco-2036.html]
[www.invertexto.com/calendario-lunar-abril-2036.html]
[www.invertexto.com/calendario-lunar-maio-2036.html]
[www.invertexto.com/calendario-lunar-junho-2036.html]
[www.invertexto.com/calendario-lunar-julho-2036.html]
[www.invertexto.com/calendario-lunar-agosto-2036.html]
[www.invertexto.com/calendario-lunar-setembro-2036.html]
[www.invertexto.com/calendario-lunar-outubro-2036.html]
[www.invertexto.com/calendario-lunar-novembro-2036.html]
[www.invertexto.com/calendario-lunar-dezembro-2036.html]
[www.invertexto.com/calendario/2018.html]
[www.invertexto.com/calendario/2019.html]
[www.invertexto.com/calendario/2034.html]
[www.invertexto.com/calendario/2033.html]
[www.invertexto.com/calendario-lunar-2010.html]
[www.invertexto.com/calendario-lunar-2011.html]
[www.invertexto.com/calendario-lunar-janeiro-2012.html]
[www.invertexto.com/calendario-lunar-fevereiro-2012.html]
[www.invertexto.com/calendario-lunar-marco-2012.html]
[www.invertexto.com/calendario-lunar-abril-2012.html]
[www.invertexto.com/calendario-lunar-maio-2012.html]
[www.invertexto.com/calendario-lunar-junho-2012.html]
[www.invertexto.com/calendario-lunar-julho-2012.html]
[www.invertexto.com/calendario-lunar-agosto-2012.html]
[www.invertexto.com/calendario-lunar-setembro-2012.html]
[www.invertexto.com/calendario-lunar-outubro-2012.html]
[www.invertexto.com/calendario-lunar-novembro-2012.html]
[www.invertexto.com/calendario-lunar-dezembro-2012.html]
[www.invertexto.com/calendario-lunar-2012.html]
[www.invertexto.com/calendario-lunar-janeiro-2013.html]
[www.invertexto.com/calendario-lunar-fevereiro-2013.html]
[www.invertexto.com/calendario-lunar-marco-2013.html]
[www.invertexto.com/calendario-lunar-abril-2013.html]
[www.invertexto.com/calendario-lunar-maio-2013.html]
[www.invertexto.com/calendario-lunar-junho-2013.html]
[www.invertexto.com/calendario-lunar-julho-2013.html]
[www.invertexto.com/calendario-lunar-agosto-2013.html]
[www.invertexto.com/calendario-lunar-setembro-2013.html]
[www.invertexto.com/calendario-lunar-outubro-2013.html]
[www.invertexto.com/calendario-lunar-novembro-2013.html]
[www.invertexto.com/calendario-lunar-2013.html]
[www.invertexto.com/calendario-lunar-dezembro-2013.html]
[www.invertexto.com/calendario-lunar-janeiro-2014.html]
[www.invertexto.com/calendario-lunar-fevereiro-2014.html]
[www.invertexto.com/calendario-lunar-marco-2014.html]
[www.invertexto.com/calendario-lunar-abril-2014.html]
[www.invertexto.com/calendario-lunar-maio-2014.html]
[www.invertexto.com/calendario-lunar-junho-2014.html]
[www.invertexto.com/calendario-lunar-julho-2014.html]
[www.invertexto.com/calendario-lunar-agosto-2014.html]
[www.invertexto.com/calendario-lunar-setembro-2014.html]
[www.invertexto.com/calendario-lunar-outubro-2014.html]
[www.invertexto.com/calendario-lunar-novembro-2014.html]
[www.invertexto.com/calendario-lunar-dezembro-2014.html]
[www.invertexto.com/calendario-lunar-janeiro-2015.html]
[www.invertexto.com/calendario-lunar-fevereiro-2015.html]
[www.invertexto.com/calendario-lunar-marco-2015.html]
[www.invertexto.com/calendario-lunar-abril-2015.html]
[www.invertexto.com/calendario-lunar-maio-2015.html]
[www.invertexto.com/calendario-lunar-junho-2015.html]
[www.invertexto.com/calendario-lunar-julho-2015.html]
[www.invertexto.com/calendario-lunar-agosto-2015.html]
[www.invertexto.com/calendario-lunar-setembro-2015.html]
[www.invertexto.com/calendario-lunar-outubro-2015.html]
[www.invertexto.com/calendario-lunar-novembro-2015.html]
[www.invertexto.com/calendario-lunar-dezembro-2015.html]
[www.invertexto.com/calendario-lunar-2041.html]
[www.invertexto.com/calendario-lunar-janeiro-2039.html]
[www.invertexto.com/calendario-lunar-fevereiro-2039.html]
[www.invertexto.com/calendario-lunar-marco-2039.html]
[www.invertexto.com/calendario-lunar-abril-2039.html]
[www.invertexto.com/calendario-lunar-maio-2039.html]
[www.invertexto.com/calendario-lunar-junho-2039.html]
[www.invertexto.com/calendario-lunar-julho-2039.html]
[www.invertexto.com/calendario-lunar-agosto-2039.html]
[www.invertexto.com/calendario-lunar-setembro-2039.html]
[www.invertexto.com/calendario-lunar-outubro-2039.html]
[www.invertexto.com/calendario-lunar-novembro-2039.html]
[www.invertexto.com/calendario-lunar-2039.html]
[www.invertexto.com/calendario-lunar-dezembro-2039.html]
[www.invertexto.com/calendario-lunar-janeiro-2037.html]
[www.invertexto.com/calendario-lunar-fevereiro-2037.html]
[www.invertexto.com/calendario-lunar-marco-2037.html]
[www.invertexto.com/calendario-lunar-abril-2037.html]
[www.invertexto.com/calendario-lunar-maio-2037.html]
[www.invertexto.com/calendario-lunar-junho-2037.html]
[www.invertexto.com/calendario-lunar-julho-2037.html]
[www.invertexto.com/calendario-lunar-agosto-2037.html]
[www.invertexto.com/calendario-lunar-setembro-2037.html]
[www.invertexto.com/calendario-lunar-outubro-2037.html]
[www.invertexto.com/calendario-lunar-novembro-2037.html]
[www.invertexto.com/calendario-lunar-dezembro-2037.html]
[www.invertexto.com/calendario-lunar-2042.html]
[www.invertexto.com/calendario-lunar-janeiro-2040.html]
[www.invertexto.com/calendario-lunar-fevereiro-2040.html]
[www.invertexto.com/calendario-lunar-marco-2040.html]
[www.invertexto.com/calendario-lunar-abril-2040.html]
[www.invertexto.com/calendario-lunar-maio-2040.html]
[www.invertexto.com/calendario-lunar-junho-2040.html]
[www.invertexto.com/calendario-lunar-julho-2040.html]
[www.invertexto.com/calendario-lunar-agosto-2040.html]
[www.invertexto.com/calendario-lunar-setembro-2040.html]
[www.invertexto.com/calendario-lunar-outubro-2040.html]
[www.invertexto.com/calendario-lunar-novembro-2040.html]
[www.invertexto.com/calendario-lunar-2040.html]
[www.invertexto.com/calendario-lunar-dezembro-2040.html]
[www.invertexto.com/calendario-lunar-janeiro-2038.html]
[www.invertexto.com/calendario-lunar-fevereiro-2038.html]
[www.invertexto.com/calendario-lunar-marco-2038.html]
[www.invertexto.com/calendario-lunar-abril-2038.html]
[www.invertexto.com/calendario-lunar-maio-2038.html]
[www.invertexto.com/calendario-lunar-junho-2038.html]
[www.invertexto.com/calendario-lunar-julho-2038.html]
[www.invertexto.com/calendario-lunar-agosto-2038.html]
[www.invertexto.com/calendario-lunar-setembro-2038.html]
[www.invertexto.com/calendario-lunar-outubro-2038.html]
[www.invertexto.com/calendario-lunar-novembro-2038.html]
[www.invertexto.com/calendario-lunar-dezembro-2038.html]
[www.invertexto.com/calendario/2017.html]
[www.invertexto.com/calendario/2018.html]
[www.invertexto.com/calendario/2035.html]
[www.invertexto.com/calendario/2034.html]
[www.invertexto.com/calendario-lunar-2008.html]
[www.invertexto.com/calendario-lunar-2009.html]
[www.invertexto.com/calendario-lunar-janeiro-2010.html]
[www.invertexto.com/calendario-lunar-fevereiro-2010.html]
[www.invertexto.com/calendario-lunar-marco-2010.html]
[www.invertexto.com/calendario-lunar-abril-2010.html]
[www.invertexto.com/calendario-lunar-maio-2010.html]
[www.invertexto.com/calendario-lunar-junho-2010.html]
[www.invertexto.com/calendario-lunar-julho-2010.html]
[www.invertexto.com/calendario-lunar-agosto-2010.html]
[www.invertexto.com/calendario-lunar-setembro-2010.html]
[www.invertexto.com/calendario-lunar-outubro-2010.html]
[www.invertexto.com/calendario-lunar-novembro-2010.html]
[www.invertexto.com/calendario-lunar-2010.html]
[www.invertexto.com/calendario-lunar-dezembro-2010.html]
[www.invertexto.com/calendario-lunar-janeiro-2011.html]
[www.invertexto.com/calendario-lunar-fevereiro-2011.html]
[www.invertexto.com/calendario-lunar-marco-2011.html]
[www.invertexto.com/calendario-lunar-abril-2011.html]
[www.invertexto.com/calendario-lunar-maio-2011.html]
[www.invertexto.com/calendario-lunar-junho-2011.html]
[www.invertexto.com/calendario-lunar-julho-2011.html]
[www.invertexto.com/calendario-lunar-agosto-2011.html]
[www.invertexto.com/calendario-lunar-setembro-2011.html]
[www.invertexto.com/calendario-lunar-outubro-2011.html]
[www.invertexto.com/calendario-lunar-novembro-2011.html]
[www.invertexto.com/calendario-lunar-2011.html]
[www.invertexto.com/calendario-lunar-dezembro-2011.html]
[www.invertexto.com/calendario-lunar-janeiro-2012.html]
[www.invertexto.com/calendario-lunar-fevereiro-2012.html]
[www.invertexto.com/calendario-lunar-marco-2012.html]
[www.invertexto.com/calendario-lunar-abril-2012.html]
[www.invertexto.com/calendario-lunar-maio-2012.html]
[www.invertexto.com/calendario-lunar-junho-2012.html]
[www.invertexto.com/calendario-lunar-julho-2012.html]
[www.invertexto.com/calendario-lunar-agosto-2012.html]
[www.invertexto.com/calendario-lunar-setembro-2012.html]
[www.invertexto.com/calendario-lunar-outubro-2012.html]
[www.invertexto.com/calendario-lunar-novembro-2012.html]
[www.invertexto.com/calendario-lunar-dezembro-2012.html]
[www.invertexto.com/calendario-lunar-janeiro-2013.html]
[www.invertexto.com/calendario-lunar-fevereiro-2013.html]
[www.invertexto.com/calendario-lunar-marco-2013.html]
[www.invertexto.com/calendario-lunar-abril-2013.html]
[www.invertexto.com/calendario-lunar-maio-2013.html]
[www.invertexto.com/calendario-lunar-junho-2013.html]
[www.invertexto.com/calendario-lunar-julho-2013.html]
[www.invertexto.com/calendario-lunar-agosto-2013.html]
[www.invertexto.com/calendario-lunar-setembro-2013.html]
[www.invertexto.com/calendario-lunar-outubro-2013.html]
[www.invertexto.com/calendario-lunar-novembro-2013.html]
[www.invertexto.com/calendario-lunar-dezembro-2013.html]
[www.invertexto.com/calendario-lunar-2043.html]
[www.invertexto.com/calendario-lunar-janeiro-2041.html]
[www.invertexto.com/calendario-lunar-fevereiro-2041.html]
[www.invertexto.com/calendario-lunar-marco-2041.html]
[www.invertexto.com/calendario-lunar-abril-2041.html]
[www.invertexto.com/calendario-lunar-maio-2041.html]
[www.invertexto.com/calendario-lunar-junho-2041.html]
[www.invertexto.com/calendario-lunar-julho-2041.html]
[www.invertexto.com/calendario-lunar-agosto-2041.html]
[www.invertexto.com/calendario-lunar-setembro-2041.html]
[www.invertexto.com/calendario-lunar-outubro-2041.html]
[www.invertexto.com/calendario-lunar-novembro-2041.html]
[www.invertexto.com/calendario-lunar-2041.html]
[www.invertexto.com/calendario-lunar-dezembro-2041.html]
[www.invertexto.com/calendario-lunar-janeiro-2039.html]
[www.invertexto.com/calendario-lunar-fevereiro-2039.html]
[www.invertexto.com/calendario-lunar-marco-2039.html]
[www.invertexto.com/calendario-lunar-abril-2039.html]
[www.invertexto.com/calendario-lunar-maio-2039.html]
[www.invertexto.com/calendario-lunar-junho-2039.html]
[www.invertexto.com/calendario-lunar-julho-2039.html]
[www.invertexto.com/calendario-lunar-agosto-2039.html]
[www.invertexto.com/calendario-lunar-setembro-2039.html]
[www.invertexto.com/calendario-lunar-outubro-2039.html]
[www.invertexto.com/calendario-lunar-novembro-2039.html]
[www.invertexto.com/calendario-lunar-dezembro-2039.html]
[www.invertexto.com/calendario-lunar-2044.html]
[www.invertexto.com/calendario-lunar-janeiro-2042.html]
[www.invertexto.com/calendario-lunar-fevereiro-2042.html]
[www.invertexto.com/calendario-lunar-marco-2042.html]
[www.invertexto.com/calendario-lunar-abril-2042.html]
[www.invertexto.com/calendario-lunar-maio-2042.html]
[www.invertexto.com/calendario-lunar-junho-2042.html]
[www.invertexto.com/calendario-lunar-julho-2042.html]
[www.invertexto.com/calendario-lunar-agosto-2042.html]
[www.invertexto.com/calendario-lunar-setembro-2042.html]
[www.invertexto.com/calendario-lunar-outubro-2042.html]
[www.invertexto.com/calendario-lunar-novembro-2042.html]
[www.invertexto.com/calendario-lunar-2042.html]
[www.invertexto.com/calendario-lunar-dezembro-2042.html]
[www.invertexto.com/calendario-lunar-janeiro-2040.html]
[www.invertexto.com/calendario-lunar-fevereiro-2040.html]
[www.invertexto.com/calendario-lunar-marco-2040.html]
[www.invertexto.com/calendario-lunar-abril-2040.html]
[www.invertexto.com/calendario-lunar-maio-2040.html]
[www.invertexto.com/calendario-lunar-junho-2040.html]
[www.invertexto.com/calendario-lunar-julho-2040.html]
[www.invertexto.com/calendario-lunar-agosto-2040.html]
[www.invertexto.com/calendario-lunar-setembro-2040.html]
[www.invertexto.com/calendario-lunar-outubro-2040.html]
[www.invertexto.com/calendario-lunar-novembro-2040.html]
[www.invertexto.com/calendario-lunar-dezembro-2040.html]
[www.invertexto.com/calendario/2016.html]
[www.invertexto.com/calendario/2017.html]
[www.invertexto.com/calendario/2036.html]
[www.invertexto.com/calendario/2035.html]
[www.invertexto.com/calendario-lunar-2006.html]
[www.invertexto.com/calendario-lunar-2007.html]
[www.invertexto.com/calendario-lunar-janeiro-2008.html]
[www.invertexto.com/calendario-lunar-fevereiro-2008.html]
[www.invertexto.com/calendario-lunar-marco-2008.html]
[www.invertexto.com/calendario-lunar-abril-2008.html]
[www.invertexto.com/calendario-lunar-maio-2008.html]
[www.invertexto.com/calendario-lunar-junho-2008.html]
[www.invertexto.com/calendario-lunar-julho-2008.html]
[www.invertexto.com/calendario-lunar-agosto-2008.html]
[www.invertexto.com/calendario-lunar-setembro-2008.html]
[www.invertexto.com/calendario-lunar-outubro-2008.html]
[www.invertexto.com/calendario-lunar-novembro-2008.html]
[www.invertexto.com/calendario-lunar-dezembro-2008.html]
[www.invertexto.com/calendario-lunar-2008.html]
[www.invertexto.com/calendario-lunar-janeiro-2009.html]
[www.invertexto.com/calendario-lunar-fevereiro-2009.html]
[www.invertexto.com/calendario-lunar-marco-2009.html]
[www.invertexto.com/calendario-lunar-abril-2009.html]
[www.invertexto.com/calendario-lunar-maio-2009.html]
[www.invertexto.com/calendario-lunar-junho-2009.html]
[www.invertexto.com/calendario-lunar-julho-2009.html]
[www.invertexto.com/calendario-lunar-agosto-2009.html]
[www.invertexto.com/calendario-lunar-setembro-2009.html]
[www.invertexto.com/calendario-lunar-outubro-2009.html]
[www.invertexto.com/calendario-lunar-novembro-2009.html]
[www.invertexto.com/calendario-lunar-dezembro-2009.html]
[www.invertexto.com/calendario-lunar-2009.html]
[www.invertexto.com/calendario-lunar-janeiro-2010.html]
[www.invertexto.com/calendario-lunar-fevereiro-2010.html]
[www.invertexto.com/calendario-lunar-marco-2010.html]
[www.invertexto.com/calendario-lunar-abril-2010.html]
[www.invertexto.com/calendario-lunar-maio-2010.html]
[www.invertexto.com/calendario-lunar-junho-2010.html]
[www.invertexto.com/calendario-lunar-julho-2010.html]
[www.invertexto.com/calendario-lunar-agosto-2010.html]
[www.invertexto.com/calendario-lunar-setembro-2010.html]
[www.invertexto.com/calendario-lunar-outubro-2010.html]
[www.invertexto.com/calendario-lunar-novembro-2010.html]
[www.invertexto.com/calendario-lunar-dezembro-2010.html]
[www.invertexto.com/calendario-lunar-janeiro-2011.html]
[www.invertexto.com/calendario-lunar-fevereiro-2011.html]
[www.invertexto.com/calendario-lunar-marco-2011.html]
[www.invertexto.com/calendario-lunar-abril-2011.html]
[www.invertexto.com/calendario-lunar-maio-2011.html]
[www.invertexto.com/calendario-lunar-junho-2011.html]
[www.invertexto.com/calendario-lunar-julho-2011.html]
[www.invertexto.com/calendario-lunar-agosto-2011.html]
[www.invertexto.com/calendario-lunar-setembro-2011.html]
[www.invertexto.com/calendario-lunar-outubro-2011.html]
[www.invertexto.com/calendario-lunar-novembro-2011.html]
[www.invertexto.com/calendario-lunar-dezembro-2011.html]
[www.invertexto.com/calendario-lunar-2045.html]
[www.invertexto.com/calendario-lunar-janeiro-2043.html]
[www.invertexto.com/calendario-lunar-fevereiro-2043.html]
[www.invertexto.com/calendario-lunar-marco-2043.html]
[www.invertexto.com/calendario-lunar-abril-2043.html]
[www.invertexto.com/calendario-lunar-maio-2043.html]
[www.invertexto.com/calendario-lunar-junho-2043.html]
[www.invertexto.com/calendario-lunar-julho-2043.html]
[www.invertexto.com/calendario-lunar-agosto-2043.html]
[www.invertexto.com/calendario-lunar-setembro-2043.html]
[www.invertexto.com/calendario-lunar-outubro-2043.html]
[www.invertexto.com/calendario-lunar-novembro-2043.html]
[www.invertexto.com/calendario-lunar-dezembro-2043.html]
[www.invertexto.com/calendario-lunar-2043.html]
[www.invertexto.com/calendario-lunar-janeiro-2041.html]
[www.invertexto.com/calendario-lunar-fevereiro-2041.html]
[www.invertexto.com/calendario-lunar-marco-2041.html]
[www.invertexto.com/calendario-lunar-abril-2041.html]
[www.invertexto.com/calendario-lunar-maio-2041.html]
[www.invertexto.com/calendario-lunar-junho-2041.html]
[www.invertexto.com/calendario-lunar-julho-2041.html]
[www.invertexto.com/calendario-lunar-agosto-2041.html]
[www.invertexto.com/calendario-lunar-setembro-2041.html]
[www.invertexto.com/calendario-lunar-outubro-2041.html]
[www.invertexto.com/calendario-lunar-novembro-2041.html]
[www.invertexto.com/calendario-lunar-dezembro-2041.html]
[www.invertexto.com/calendario-lunar-2046.html]
[www.invertexto.com/calendario-lunar-janeiro-2044.html]
[www.invertexto.com/calendario-lunar-fevereiro-2044.html]
[www.invertexto.com/calendario-lunar-marco-2044.html]
[www.invertexto.com/calendario-lunar-abril-2044.html]
[www.invertexto.com/calendario-lunar-maio-2044.html]
[www.invertexto.com/calendario-lunar-junho-2044.html]
[www.invertexto.com/calendario-lunar-julho-2044.html]
[www.invertexto.com/calendario-lunar-agosto-2044.html]
[www.invertexto.com/calendario-lunar-setembro-2044.html]
[www.invertexto.com/calendario-lunar-outubro-2044.html]
[www.invertexto.com/calendario-lunar-novembro-2044.html]
[www.invertexto.com/calendario-lunar-dezembro-2044.html]
[www.invertexto.com/calendario-lunar-2044.html]
[www.invertexto.com/calendario-lunar-janeiro-2042.html]
[www.invertexto.com/calendario-lunar-fevereiro-2042.html]
[www.invertexto.com/calendario-lunar-marco-2042.html]
[www.invertexto.com/calendario-lunar-abril-2042.html]
[www.invertexto.com/calendario-lunar-maio-2042.html]
[www.invertexto.com/calendario-lunar-junho-2042.html]
[www.invertexto.com/calendario-lunar-julho-2042.html]
[www.invertexto.com/calendario-lunar-agosto-2042.html]
[www.invertexto.com/calendario-lunar-setembro-2042.html]
[www.invertexto.com/calendario-lunar-outubro-2042.html]
[www.invertexto.com/calendario-lunar-novembro-2042.html]
[www.invertexto.com/calendario-lunar-dezembro-2042.html]
[www.invertexto.com/calendario/2015.html]
[www.invertexto.com/calendario/2016.html]
[www.invertexto.com/calendario/2037.html]
[www.invertexto.com/calendario/2036.html]
[www.invertexto.com/calendario-lunar-2004.html]
[www.invertexto.com/calendario-lunar-2005.html]
[www.invertexto.com/calendario-lunar-janeiro-2006.html]
[www.invertexto.com/calendario-lunar-fevereiro-2006.html]
[www.invertexto.com/calendario-lunar-marco-2006.html]
[www.invertexto.com/calendario-lunar-abril-2006.html]
[www.invertexto.com/calendario-lunar-maio-2006.html]
[www.invertexto.com/calendario-lunar-junho-2006.html]
[www.invertexto.com/calendario-lunar-julho-2006.html]
[www.invertexto.com/calendario-lunar-agosto-2006.html]
[www.invertexto.com/calendario-lunar-setembro-2006.html]
[www.invertexto.com/calendario-lunar-outubro-2006.html]
[www.invertexto.com/calendario-lunar-novembro-2006.html]
[www.invertexto.com/calendario-lunar-2006.html]
[www.invertexto.com/calendario-lunar-dezembro-2006.html]
[www.invertexto.com/calendario-lunar-janeiro-2007.html]
[www.invertexto.com/calendario-lunar-fevereiro-2007.html]
[www.invertexto.com/calendario-lunar-marco-2007.html]
[www.invertexto.com/calendario-lunar-abril-2007.html]
[www.invertexto.com/calendario-lunar-maio-2007.html]
[www.invertexto.com/calendario-lunar-junho-2007.html]
[www.invertexto.com/calendario-lunar-julho-2007.html]
[www.invertexto.com/calendario-lunar-agosto-2007.html]
[www.invertexto.com/calendario-lunar-setembro-2007.html]
[www.invertexto.com/calendario-lunar-outubro-2007.html]
[www.invertexto.com/calendario-lunar-novembro-2007.html]
[www.invertexto.com/calendario-lunar-2007.html]
[www.invertexto.com/calendario-lunar-dezembro-2007.html]
[www.invertexto.com/calendario-lunar-janeiro-2008.html]
[www.invertexto.com/calendario-lunar-fevereiro-2008.html]
[www.invertexto.com/calendario-lunar-marco-2008.html]
[www.invertexto.com/calendario-lunar-abril-2008.html]
[www.invertexto.com/calendario-lunar-maio-2008.html]
[www.invertexto.com/calendario-lunar-junho-2008.html]
[www.invertexto.com/calendario-lunar-julho-2008.html]
[www.invertexto.com/calendario-lunar-agosto-2008.html]
[www.invertexto.com/calendario-lunar-setembro-2008.html]
[www.invertexto.com/calendario-lunar-outubro-2008.html]
[www.invertexto.com/calendario-lunar-novembro-2008.html]
[www.invertexto.com/calendario-lunar-dezembro-2008.html]
[www.invertexto.com/calendario-lunar-janeiro-2009.html]
[www.invertexto.com/calendario-lunar-fevereiro-2009.html]
[www.invertexto.com/calendario-lunar-marco-2009.html]
[www.invertexto.com/calendario-lunar-abril-2009.html]
[www.invertexto.com/calendario-lunar-maio-2009.html]
[www.invertexto.com/calendario-lunar-junho-2009.html]
[www.invertexto.com/calendario-lunar-julho-2009.html]
[www.invertexto.com/calendario-lunar-agosto-2009.html]
[www.invertexto.com/calendario-lunar-setembro-2009.html]
[www.invertexto.com/calendario-lunar-outubro-2009.html]
[www.invertexto.com/calendario-lunar-novembro-2009.html]
[www.invertexto.com/calendario-lunar-dezembro-2009.html]
[www.invertexto.com/calendario-lunar-2047.html]
[www.invertexto.com/calendario-lunar-janeiro-2045.html]
[www.invertexto.com/calendario-lunar-fevereiro-2045.html]
[www.invertexto.com/calendario-lunar-marco-2045.html]
[www.invertexto.com/calendario-lunar-abril-2045.html]
[www.invertexto.com/calendario-lunar-maio-2045.html]
[www.invertexto.com/calendario-lunar-junho-2045.html]
[www.invertexto.com/calendario-lunar-julho-2045.html]
[www.invertexto.com/calendario-lunar-agosto-2045.html]
[www.invertexto.com/calendario-lunar-setembro-2045.html]
[www.invertexto.com/calendario-lunar-outubro-2045.html]
[www.invertexto.com/calendario-lunar-novembro-2045.html]
[www.invertexto.com/calendario-lunar-2045.html]
[www.invertexto.com/calendario-lunar-dezembro-2045.html]
[www.invertexto.com/calendario-lunar-janeiro-2043.html]
[www.invertexto.com/calendario-lunar-fevereiro-2043.html]
[www.invertexto.com/calendario-lunar-marco-2043.html]
[www.invertexto.com/calendario-lunar-abril-2043.html]
[www.invertexto.com/calendario-lunar-maio-2043.html]
[www.invertexto.com/calendario-lunar-junho-2043.html]
[www.invertexto.com/calendario-lunar-julho-2043.html]
[www.invertexto.com/calendario-lunar-agosto-2043.html]
[www.invertexto.com/calendario-lunar-setembro-2043.html]
[www.invertexto.com/calendario-lunar-outubro-2043.html]
[www.invertexto.com/calendario-lunar-novembro-2043.html]
[www.invertexto.com/calendario-lunar-dezembro-2043.html]
[www.invertexto.com/calendario-lunar-2048.html]
[www.invertexto.com/calendario-lunar-janeiro-2046.html]
[www.invertexto.com/calendario-lunar-fevereiro-2046.html]
[www.invertexto.com/calendario-lunar-marco-2046.html]
[www.invertexto.com/calendario-lunar-abril-2046.html]
[www.invertexto.com/calendario-lunar-maio-2046.html]
[www.invertexto.com/calendario-lunar-junho-2046.html]
[www.invertexto.com/calendario-lunar-julho-2046.html]
[www.invertexto.com/calendario-lunar-agosto-2046.html]
[www.invertexto.com/calendario-lunar-setembro-2046.html]
[www.invertexto.com/calendario-lunar-outubro-2046.html]
[www.invertexto.com/calendario-lunar-novembro-2046.html]
[www.invertexto.com/calendario-lunar-2046.html]
[www.invertexto.com/calendario-lunar-dezembro-2046.html]
[www.invertexto.com/calendario-lunar-janeiro-2044.html]
[www.invertexto.com/calendario-lunar-fevereiro-2044.html]
[www.invertexto.com/calendario-lunar-marco-2044.html]
[www.invertexto.com/calendario-lunar-abril-2044.html]
[www.invertexto.com/calendario-lunar-maio-2044.html]
[www.invertexto.com/calendario-lunar-junho-2044.html]
[www.invertexto.com/calendario-lunar-julho-2044.html]
[www.invertexto.com/calendario-lunar-agosto-2044.html]
[www.invertexto.com/calendario-lunar-setembro-2044.html]
[www.invertexto.com/calendario-lunar-outubro-2044.html]
[www.invertexto.com/calendario-lunar-novembro-2044.html]
[www.invertexto.com/calendario-lunar-dezembro-2044.html]
[www.invertexto.com/calendario/2014.html]
[www.invertexto.com/calendario/2015.html]
[www.invertexto.com/calendario/2038.html]
[www.invertexto.com/calendario/2037.html]
[www.invertexto.com/calendario-lunar-2002.html]
[www.invertexto.com/calendario-lunar-2003.html]
[www.invertexto.com/calendario-lunar-janeiro-2004.html]
[www.invertexto.com/calendario-lunar-fevereiro-2004.html]
[www.invertexto.com/calendario-lunar-marco-2004.html]
[www.invertexto.com/calendario-lunar-abril-2004.html]
[www.invertexto.com/calendario-lunar-maio-2004.html]
[www.invertexto.com/calendario-lunar-junho-2004.html]
[www.invertexto.com/calendario-lunar-julho-2004.html]
[www.invertexto.com/calendario-lunar-agosto-2004.html]
[www.invertexto.com/calendario-lunar-setembro-2004.html]
[www.invertexto.com/calendario-lunar-outubro-2004.html]
[www.invertexto.com/calendario-lunar-novembro-2004.html]
[www.invertexto.com/calendario-lunar-2004.html]
[www.invertexto.com/calendario-lunar-dezembro-2004.html]
[www.invertexto.com/calendario-lunar-janeiro-2005.html]
[www.invertexto.com/calendario-lunar-fevereiro-2005.html]
[www.invertexto.com/calendario-lunar-marco-2005.html]
[www.invertexto.com/calendario-lunar-abril-2005.html]
[www.invertexto.com/calendario-lunar-maio-2005.html]
[www.invertexto.com/calendario-lunar-junho-2005.html]
[www.invertexto.com/calendario-lunar-julho-2005.html]
[www.invertexto.com/calendario-lunar-agosto-2005.html]
[www.invertexto.com/calendario-lunar-setembro-2005.html]
[www.invertexto.com/calendario-lunar-outubro-2005.html]
[www.invertexto.com/calendario-lunar-novembro-2005.html]
[www.invertexto.com/calendario-lunar-2005.html]
[www.invertexto.com/calendario-lunar-dezembro-2005.html]
[www.invertexto.com/calendario-lunar-janeiro-2006.html]
[www.invertexto.com/calendario-lunar-fevereiro-2006.html]
[www.invertexto.com/calendario-lunar-marco-2006.html]
[www.invertexto.com/calendario-lunar-abril-2006.html]
[www.invertexto.com/calendario-lunar-maio-2006.html]
[www.invertexto.com/calendario-lunar-junho-2006.html]
[www.invertexto.com/calendario-lunar-julho-2006.html]
[www.invertexto.com/calendario-lunar-agosto-2006.html]
[www.invertexto.com/calendario-lunar-setembro-2006.html]
[www.invertexto.com/calendario-lunar-outubro-2006.html]
[www.invertexto.com/calendario-lunar-novembro-2006.html]
[www.invertexto.com/calendario-lunar-dezembro-2006.html]
[www.invertexto.com/calendario-lunar-janeiro-2007.html]
[www.invertexto.com/calendario-lunar-fevereiro-2007.html]
[www.invertexto.com/calendario-lunar-marco-2007.html]
[www.invertexto.com/calendario-lunar-abril-2007.html]
[www.invertexto.com/calendario-lunar-maio-2007.html]
[www.invertexto.com/calendario-lunar-junho-2007.html]
[www.invertexto.com/calendario-lunar-julho-2007.html]
[www.invertexto.com/calendario-lunar-agosto-2007.html]
[www.invertexto.com/calendario-lunar-setembro-2007.html]
[www.invertexto.com/calendario-lunar-outubro-2007.html]
[www.invertexto.com/calendario-lunar-novembro-2007.html]
[www.invertexto.com/calendario-lunar-dezembro-2007.html]
[www.invertexto.com/calendario-lunar-2049.html]
[www.invertexto.com/calendario-lunar-janeiro-2047.html]
[www.invertexto.com/calendario-lunar-fevereiro-2047.html]
[www.invertexto.com/calendario-lunar-marco-2047.html]
[www.invertexto.com/calendario-lunar-abril-2047.html]
[www.invertexto.com/calendario-lunar-maio-2047.html]
[www.invertexto.com/calendario-lunar-junho-2047.html]
[www.invertexto.com/calendario-lunar-julho-2047.html]
[www.invertexto.com/calendario-lunar-agosto-2047.html]
[www.invertexto.com/calendario-lunar-setembro-2047.html]
[www.invertexto.com/calendario-lunar-outubro-2047.html]
[www.invertexto.com/calendario-lunar-novembro-2047.html]
[www.invertexto.com/calendario-lunar-2047.html]
[www.invertexto.com/calendario-lunar-janeiro-2045.html]
[www.invertexto.com/calendario-lunar-fevereiro-2045.html]
[www.invertexto.com/calendario-lunar-marco-2045.html]
[www.invertexto.com/calendario-lunar-abril-2045.html]
[www.invertexto.com/calendario-lunar-maio-2045.html]
[www.invertexto.com/calendario-lunar-junho-2045.html]
[www.invertexto.com/calendario-lunar-julho-2045.html]
[www.invertexto.com/calendario-lunar-agosto-2045.html]
[www.invertexto.com/calendario-lunar-setembro-2045.html]
[www.invertexto.com/calendario-lunar-dezembro-2047.html]
[www.invertexto.com/calendario-lunar-outubro-2045.html]
[www.invertexto.com/calendario-lunar-novembro-2045.html]
[www.invertexto.com/calendario-lunar-dezembro-2045.html]
[www.invertexto.com/calendario-lunar-2050.html]
[www.invertexto.com/calendario-lunar-janeiro-2048.html]
[www.invertexto.com/calendario-lunar-fevereiro-2048.html]
[www.invertexto.com/calendario-lunar-marco-2048.html]
[www.invertexto.com/calendario-lunar-abril-2048.html]
[www.invertexto.com/calendario-lunar-maio-2048.html]
[www.invertexto.com/calendario-lunar-junho-2048.html]
[www.invertexto.com/calendario-lunar-julho-2048.html]
[www.invertexto.com/calendario-lunar-agosto-2048.html]
[www.invertexto.com/calendario-lunar-setembro-2048.html]
[www.invertexto.com/calendario-lunar-outubro-2048.html]
[www.invertexto.com/calendario-lunar-novembro-2048.html]
[www.invertexto.com/calendario-lunar-2048.html]
[www.invertexto.com/calendario-lunar-dezembro-2048.html]
[www.invertexto.com/calendario-lunar-janeiro-2046.html]
[www.invertexto.com/calendario-lunar-fevereiro-2046.html]
[www.invertexto.com/calendario-lunar-marco-2046.html]
[www.invertexto.com/calendario-lunar-abril-2046.html]
[www.invertexto.com/calendario-lunar-maio-2046.html]
[www.invertexto.com/calendario-lunar-junho-2046.html]
[www.invertexto.com/calendario-lunar-julho-2046.html]
[www.invertexto.com/calendario-lunar-agosto-2046.html]
[www.invertexto.com/calendario-lunar-setembro-2046.html]
[www.invertexto.com/calendario-lunar-outubro-2046.html]
[www.invertexto.com/calendario-lunar-novembro-2046.html]
[www.invertexto.com/calendario-lunar-dezembro-2046.html]
[www.invertexto.com/calendario/2013.html]
[www.invertexto.com/calendario/2014.html]
[www.invertexto.com/calendario/2039.html]
[www.invertexto.com/calendario/2038.html]
[www.invertexto.com/calendario-lunar-2000.html]
[www.invertexto.com/calendario-lunar-2001.html]
[www.invertexto.com/calendario-lunar-janeiro-2002.html]
[www.invertexto.com/calendario-lunar-fevereiro-2002.html]
[www.invertexto.com/calendario-lunar-marco-2002.html]
[www.invertexto.com/calendario-lunar-abril-2002.html]
[www.invertexto.com/calendario-lunar-maio-2002.html]
[www.invertexto.com/calendario-lunar-junho-2002.html]
[www.invertexto.com/calendario-lunar-julho-2002.html]
[www.invertexto.com/calendario-lunar-agosto-2002.html]
[www.invertexto.com/calendario-lunar-setembro-2002.html]
[www.invertexto.com/calendario-lunar-outubro-2002.html]
[www.invertexto.com/calendario-lunar-novembro-2002.html]
[www.invertexto.com/calendario-lunar-2002.html]
[www.invertexto.com/calendario-lunar-dezembro-2002.html]
[www.invertexto.com/calendario-lunar-janeiro-2003.html]
[www.invertexto.com/calendario-lunar-fevereiro-2003.html]
[www.invertexto.com/calendario-lunar-marco-2003.html]
[www.invertexto.com/calendario-lunar-abril-2003.html]
[www.invertexto.com/calendario-lunar-maio-2003.html]
[www.invertexto.com/calendario-lunar-junho-2003.html]
[www.invertexto.com/calendario-lunar-julho-2003.html]
[www.invertexto.com/calendario-lunar-agosto-2003.html]
[www.invertexto.com/calendario-lunar-setembro-2003.html]
[www.invertexto.com/calendario-lunar-outubro-2003.html]
[www.invertexto.com/calendario-lunar-novembro-2003.html]
[www.invertexto.com/calendario-lunar-2003.html]
[www.invertexto.com/calendario-lunar-dezembro-2003.html]
[www.invertexto.com/calendario-lunar-janeiro-2004.html]
[www.invertexto.com/calendario-lunar-fevereiro-2004.html]
[www.invertexto.com/calendario-lunar-marco-2004.html]
[www.invertexto.com/calendario-lunar-abril-2004.html]
[www.invertexto.com/calendario-lunar-maio-2004.html]
[www.invertexto.com/calendario-lunar-junho-2004.html]
[www.invertexto.com/calendario-lunar-julho-2004.html]
[www.invertexto.com/calendario-lunar-agosto-2004.html]
[www.invertexto.com/calendario-lunar-setembro-2004.html]
[www.invertexto.com/calendario-lunar-outubro-2004.html]
[www.invertexto.com/calendario-lunar-novembro-2004.html]
[www.invertexto.com/calendario-lunar-dezembro-2004.html]
[www.invertexto.com/calendario-lunar-janeiro-2005.html]
[www.invertexto.com/calendario-lunar-fevereiro-2005.html]
[www.invertexto.com/calendario-lunar-marco-2005.html]
[www.invertexto.com/calendario-lunar-abril-2005.html]
[www.invertexto.com/calendario-lunar-maio-2005.html]
[www.invertexto.com/calendario-lunar-junho-2005.html]
[www.invertexto.com/calendario-lunar-julho-2005.html]
[www.invertexto.com/calendario-lunar-agosto-2005.html]
[www.invertexto.com/calendario-lunar-setembro-2005.html]
[www.invertexto.com/calendario-lunar-outubro-2005.html]
[www.invertexto.com/calendario-lunar-novembro-2005.html]
[www.invertexto.com/calendario-lunar-dezembro-2005.html]
[www.invertexto.com/calendario-lunar-2051.html]
[www.invertexto.com/calendario-lunar-janeiro-2049.html]
[www.invertexto.com/calendario-lunar-fevereiro-2049.html]
[www.invertexto.com/calendario-lunar-marco-2049.html]
[www.invertexto.com/calendario-lunar-abril-2049.html]
[www.invertexto.com/calendario-lunar-maio-2049.html]
[www.invertexto.com/calendario-lunar-junho-2049.html]
[www.invertexto.com/calendario-lunar-julho-2049.html]
[www.invertexto.com/calendario-lunar-agosto-2049.html]
[www.invertexto.com/calendario-lunar-setembro-2049.html]
[www.invertexto.com/calendario-lunar-outubro-2049.html]
[www.invertexto.com/calendario-lunar-novembro-2049.html]
[www.invertexto.com/calendario-lunar-2049.html]
[www.invertexto.com/calendario-lunar-dezembro-2049.html]
[www.invertexto.com/calendario-lunar-janeiro-2047.html]
[www.invertexto.com/calendario-lunar-fevereiro-2047.html]
[www.invertexto.com/calendario-lunar-marco-2047.html]
[www.invertexto.com/calendario-lunar-abril-2047.html]
[www.invertexto.com/calendario-lunar-maio-2047.html]
[www.invertexto.com/calendario-lunar-junho-2047.html]
[www.invertexto.com/calendario-lunar-julho-2047.html]
[www.invertexto.com/calendario-lunar-agosto-2047.html]
[www.invertexto.com/calendario-lunar-setembro-2047.html]
[www.invertexto.com/calendario-lunar-outubro-2047.html]
[www.invertexto.com/calendario-lunar-novembro-2047.html]
[www.invertexto.com/calendario-lunar-dezembro-2047.html]
[www.invertexto.com/calendario-lunar-2052.html]
[www.invertexto.com/calendario-lunar-janeiro-2050.html]
[www.invertexto.com/calendario-lunar-fevereiro-2050.html]
[www.invertexto.com/calendario-lunar-marco-2050.html]
[www.invertexto.com/calendario-lunar-abril-2050.html]
[www.invertexto.com/calendario-lunar-maio-2050.html]
[www.invertexto.com/calendario-lunar-junho-2050.html]
[www.invertexto.com/calendario-lunar-julho-2050.html]
[www.invertexto.com/calendario-lunar-agosto-2050.html]
[www.invertexto.com/calendario-lunar-setembro-2050.html]
[www.invertexto.com/calendario-lunar-outubro-2050.html]
[www.invertexto.com/calendario-lunar-novembro-2050.html]
[www.invertexto.com/calendario-lunar-2050.html]
[www.invertexto.com/calendario-lunar-dezembro-2050.html]
[www.invertexto.com/calendario-lunar-janeiro-2048.html]
[www.invertexto.com/calendario-lunar-fevereiro-2048.html]
[www.invertexto.com/calendario-lunar-marco-2048.html]
[www.invertexto.com/calendario-lunar-abril-2048.html]
[www.invertexto.com/calendario-lunar-maio-2048.html]
[www.invertexto.com/calendario-lunar-junho-2048.html]
[www.invertexto.com/calendario-lunar-julho-2048.html]
[www.invertexto.com/calendario-lunar-agosto-2048.html]
[www.invertexto.com/calendario-lunar-setembro-2048.html]
[www.invertexto.com/calendario-lunar-outubro-2048.html]
[www.invertexto.com/calendario-lunar-novembro-2048.html]
[www.invertexto.com/calendario-lunar-dezembro-2048.html]
[www.invertexto.com/calendario/2012.html]
[www.invertexto.com/calendario/2013.html]
[www.invertexto.com/calendario/2040.html]
[www.invertexto.com/calendario/2039.html]
[www.invertexto.com/calendario-lunar-janeiro-2000.html]
[www.invertexto.com/calendario-lunar-fevereiro-2000.html]
[www.invertexto.com/calendario-lunar-marco-2000.html]
[www.invertexto.com/calendario-lunar-abril-2000.html]
[www.invertexto.com/calendario-lunar-maio-2000.html]
[www.invertexto.com/calendario-lunar-junho-2000.html]
[www.invertexto.com/calendario-lunar-julho-2000.html]
[www.invertexto.com/calendario-lunar-agosto-2000.html]
[www.invertexto.com/calendario-lunar-setembro-2000.html]
[www.invertexto.com/calendario-lunar-outubro-2000.html]
[www.invertexto.com/calendario-lunar-novembro-2000.html]
[www.invertexto.com/calendario-lunar-2000.html]
[www.invertexto.com/calendario-lunar-dezembro-2000.html]
[www.invertexto.com/calendario-lunar-janeiro-2001.html]
[www.invertexto.com/calendario-lunar-fevereiro-2001.html]
[www.invertexto.com/calendario-lunar-marco-2001.html]
[www.invertexto.com/calendario-lunar-abril-2001.html]
[www.invertexto.com/calendario-lunar-maio-2001.html]
[www.invertexto.com/calendario-lunar-junho-2001.html]
[www.invertexto.com/calendario-lunar-julho-2001.html]
[www.invertexto.com/calendario-lunar-agosto-2001.html]
[www.invertexto.com/calendario-lunar-setembro-2001.html]
[www.invertexto.com/calendario-lunar-outubro-2001.html]
[www.invertexto.com/calendario-lunar-novembro-2001.html]
[www.invertexto.com/calendario-lunar-2001.html]
[www.invertexto.com/calendario-lunar-dezembro-2001.html]
[www.invertexto.com/calendario-lunar-janeiro-2002.html]
[www.invertexto.com/calendario-lunar-fevereiro-2002.html]
[www.invertexto.com/calendario-lunar-marco-2002.html]
[www.invertexto.com/calendario-lunar-abril-2002.html]
[www.invertexto.com/calendario-lunar-maio-2002.html]
[www.invertexto.com/calendario-lunar-junho-2002.html]
[www.invertexto.com/calendario-lunar-julho-2002.html]
[www.invertexto.com/calendario-lunar-agosto-2002.html]
[www.invertexto.com/calendario-lunar-setembro-2002.html]
[www.invertexto.com/calendario-lunar-outubro-2002.html]
[www.invertexto.com/calendario-lunar-novembro-2002.html]
[www.invertexto.com/calendario-lunar-dezembro-2002.html]
[www.invertexto.com/calendario-lunar-janeiro-2003.html]
[www.invertexto.com/calendario-lunar-fevereiro-2003.html]
[www.invertexto.com/calendario-lunar-marco-2003.html]
[www.invertexto.com/calendario-lunar-abril-2003.html]
[www.invertexto.com/calendario-lunar-maio-2003.html]
[www.invertexto.com/calendario-lunar-junho-2003.html]
[www.invertexto.com/calendario-lunar-julho-2003.html]
[www.invertexto.com/calendario-lunar-agosto-2003.html]
[www.invertexto.com/calendario-lunar-setembro-2003.html]
[www.invertexto.com/calendario-lunar-outubro-2003.html]
[www.invertexto.com/calendario-lunar-novembro-2003.html]
[www.invertexto.com/calendario-lunar-dezembro-2003.html]
[www.invertexto.com/calendario-lunar-2053.html]
[www.invertexto.com/calendario-lunar-janeiro-2051.html]
[www.invertexto.com/calendario-lunar-fevereiro-2051.html]
[www.invertexto.com/calendario-lunar-marco-2051.html]
[www.invertexto.com/calendario-lunar-abril-2051.html]
[www.invertexto.com/calendario-lunar-maio-2051.html]
[www.invertexto.com/calendario-lunar-junho-2051.html]
[www.invertexto.com/calendario-lunar-julho-2051.html]
[www.invertexto.com/calendario-lunar-agosto-2051.html]
[www.invertexto.com/calendario-lunar-setembro-2051.html]
[www.invertexto.com/calendario-lunar-outubro-2051.html]
[www.invertexto.com/calendario-lunar-novembro-2051.html]
[www.invertexto.com/calendario-lunar-2051.html]
[www.invertexto.com/calendario-lunar-dezembro-2051.html]
[www.invertexto.com/calendario-lunar-janeiro-2049.html]
[www.invertexto.com/calendario-lunar-fevereiro-2049.html]
[www.invertexto.com/calendario-lunar-marco-2049.html]
[www.invertexto.com/calendario-lunar-abril-2049.html]
[www.invertexto.com/calendario-lunar-maio-2049.html]
[www.invertexto.com/calendario-lunar-junho-2049.html]
[www.invertexto.com/calendario-lunar-julho-2049.html]
[www.invertexto.com/calendario-lunar-agosto-2049.html]
[www.invertexto.com/calendario-lunar-setembro-2049.html]
[www.invertexto.com/calendario-lunar-outubro-2049.html]
[www.invertexto.com/calendario-lunar-novembro-2049.html]
[www.invertexto.com/calendario-lunar-dezembro-2049.html]
[www.invertexto.com/calendario-lunar-2054.html]
[www.invertexto.com/calendario-lunar-janeiro-2052.html]
[www.invertexto.com/calendario-lunar-fevereiro-2052.html]
[www.invertexto.com/calendario-lunar-marco-2052.html]
[www.invertexto.com/calendario-lunar-abril-2052.html]
[www.invertexto.com/calendario-lunar-maio-2052.html]
[www.invertexto.com/calendario-lunar-junho-2052.html]
[www.invertexto.com/calendario-lunar-julho-2052.html]
[www.invertexto.com/calendario-lunar-agosto-2052.html]
[www.invertexto.com/calendario-lunar-setembro-2052.html]
[www.invertexto.com/calendario-lunar-outubro-2052.html]
[www.invertexto.com/calendario-lunar-novembro-2052.html]
[www.invertexto.com/calendario-lunar-2052.html]
[www.invertexto.com/calendario-lunar-dezembro-2052.html]
[www.invertexto.com/calendario-lunar-janeiro-2050.html]
[www.invertexto.com/calendario-lunar-fevereiro-2050.html]
[www.invertexto.com/calendario-lunar-marco-2050.html]
[www.invertexto.com/calendario-lunar-abril-2050.html]
[www.invertexto.com/calendario-lunar-maio-2050.html]
[www.invertexto.com/calendario-lunar-junho-2050.html]
[www.invertexto.com/calendario-lunar-julho-2050.html]
[www.invertexto.com/calendario-lunar-agosto-2050.html]
[www.invertexto.com/calendario-lunar-setembro-2050.html]
[www.invertexto.com/calendario-lunar-outubro-2050.html]
[www.invertexto.com/calendario-lunar-novembro-2050.html]
[www.invertexto.com/calendario-lunar-dezembro-2050.html]
[www.invertexto.com/calendario/2011.html]
[www.invertexto.com/calendario/2012.html]
[www.invertexto.com/calendario/2041.html]
[www.invertexto.com/calendario/2040.html]
[www.invertexto.com/calendario-lunar-janeiro-2000.html]
[www.invertexto.com/calendario-lunar-fevereiro-2000.html]
[www.invertexto.com/calendario-lunar-marco-2000.html]
[www.invertexto.com/calendario-lunar-abril-2000.html]
[www.invertexto.com/calendario-lunar-maio-2000.html]
[www.invertexto.com/calendario-lunar-junho-2000.html]
[www.invertexto.com/calendario-lunar-julho-2000.html]
[www.invertexto.com/calendario-lunar-agosto-2000.html]
[www.invertexto.com/calendario-lunar-setembro-2000.html]
[www.invertexto.com/calendario-lunar-outubro-2000.html]
[www.invertexto.com/calendario-lunar-novembro-2000.html]
[www.invertexto.com/calendario-lunar-dezembro-2000.html]
[www.invertexto.com/calendario-lunar-janeiro-2001.html]
[www.invertexto.com/calendario-lunar-fevereiro-2001.html]
[www.invertexto.com/calendario-lunar-marco-2001.html]
[www.invertexto.com/calendario-lunar-abril-2001.html]
[www.invertexto.com/calendario-lunar-maio-2001.html]
[www.invertexto.com/calendario-lunar-junho-2001.html]
[www.invertexto.com/calendario-lunar-julho-2001.html]
[www.invertexto.com/calendario-lunar-agosto-2001.html]
[www.invertexto.com/calendario-lunar-setembro-2001.html]
[www.invertexto.com/calendario-lunar-outubro-2001.html]
[www.invertexto.com/calendario-lunar-novembro-2001.html]
[www.invertexto.com/calendario-lunar-dezembro-2001.html]
[www.invertexto.com/calendario-lunar-2055.html]
[www.invertexto.com/calendario-lunar-janeiro-2053.html]
[www.invertexto.com/calendario-lunar-fevereiro-2053.html]
[www.invertexto.com/calendario-lunar-marco-2053.html]
[www.invertexto.com/calendario-lunar-abril-2053.html]
[www.invertexto.com/calendario-lunar-maio-2053.html]
[www.invertexto.com/calendario-lunar-junho-2053.html]
[www.invertexto.com/calendario-lunar-julho-2053.html]
[www.invertexto.com/calendario-lunar-agosto-2053.html]
[www.invertexto.com/calendario-lunar-setembro-2053.html]
[www.invertexto.com/calendario-lunar-outubro-2053.html]
[www.invertexto.com/calendario-lunar-novembro-2053.html]
[www.invertexto.com/calendario-lunar-dezembro-2053.html]
[www.invertexto.com/calendario-lunar-2053.html]
[www.invertexto.com/calendario-lunar-janeiro-2051.html]
[www.invertexto.com/calendario-lunar-fevereiro-2051.html]
[www.invertexto.com/calendario-lunar-marco-2051.html]
[www.invertexto.com/calendario-lunar-abril-2051.html]
[www.invertexto.com/calendario-lunar-maio-2051.html]
[www.invertexto.com/calendario-lunar-junho-2051.html]
[www.invertexto.com/calendario-lunar-julho-2051.html]
[www.invertexto.com/calendario-lunar-agosto-2051.html]
[www.invertexto.com/calendario-lunar-setembro-2051.html]
[www.invertexto.com/calendario-lunar-outubro-2051.html]
[www.invertexto.com/calendario-lunar-novembro-2051.html]
[www.invertexto.com/calendario-lunar-dezembro-2051.html]
[www.invertexto.com/calendario-lunar-2056.html]
[www.invertexto.com/calendario-lunar-janeiro-2054.html]
[www.invertexto.com/calendario-lunar-fevereiro-2054.html]
[www.invertexto.com/calendario-lunar-marco-2054.html]
[www.invertexto.com/calendario-lunar-abril-2054.html]
[www.invertexto.com/calendario-lunar-maio-2054.html]
[www.invertexto.com/calendario-lunar-junho-2054.html]
[www.invertexto.com/calendario-lunar-julho-2054.html]
[www.invertexto.com/calendario-lunar-agosto-2054.html]
[www.invertexto.com/calendario-lunar-setembro-2054.html]
[www.invertexto.com/calendario-lunar-outubro-2054.html]
[www.invertexto.com/calendario-lunar-novembro-2054.html]
[www.invertexto.com/calendario-lunar-2054.html]
[www.invertexto.com/calendario-lunar-dezembro-2054.html]
[www.invertexto.com/calendario-lunar-janeiro-2052.html]
[www.invertexto.com/calendario-lunar-fevereiro-2052.html]
[www.invertexto.com/calendario-lunar-marco-2052.html]
[www.invertexto.com/calendario-lunar-abril-2052.html]
[www.invertexto.com/calendario-lunar-maio-2052.html]
[www.invertexto.com/calendario-lunar-junho-2052.html]
[www.invertexto.com/calendario-lunar-julho-2052.html]
[www.invertexto.com/calendario-lunar-agosto-2052.html]
[www.invertexto.com/calendario-lunar-setembro-2052.html]
[www.invertexto.com/calendario-lunar-outubro-2052.html]
[www.invertexto.com/calendario-lunar-novembro-2052.html]
[www.invertexto.com/calendario-lunar-dezembro-2052.html]
[www.invertexto.com/calendario/2010.html]
[www.invertexto.com/calendario/2011.html]
[www.invertexto.com/calendario/2042.html]
[www.invertexto.com/calendario/2041.html]
[www.invertexto.com/calendario-lunar-2057.html]
[www.invertexto.com/calendario-lunar-janeiro-2055.html]
[www.invertexto.com/calendario-lunar-fevereiro-2055.html]
[www.invertexto.com/calendario-lunar-marco-2055.html]
[www.invertexto.com/calendario-lunar-abril-2055.html]
[www.invertexto.com/calendario-lunar-maio-2055.html]
[www.invertexto.com/calendario-lunar-junho-2055.html]
[www.invertexto.com/calendario-lunar-julho-2055.html]
[www.invertexto.com/calendario-lunar-agosto-2055.html]
[www.invertexto.com/calendario-lunar-setembro-2055.html]
[www.invertexto.com/calendario-lunar-outubro-2055.html]
[www.invertexto.com/calendario-lunar-novembro-2055.html]
[www.invertexto.com/calendario-lunar-2055.html]
[www.invertexto.com/calendario-lunar-dezembro-2055.html]
[www.invertexto.com/calendario-lunar-janeiro-2053.html]
[www.invertexto.com/calendario-lunar-fevereiro-2053.html]
[www.invertexto.com/calendario-lunar-marco-2053.html]
[www.invertexto.com/calendario-lunar-abril-2053.html]
[www.invertexto.com/calendario-lunar-maio-2053.html]
[www.invertexto.com/calendario-lunar-junho-2053.html]
[www.invertexto.com/calendario-lunar-julho-2053.html]
[www.invertexto.com/calendario-lunar-agosto-2053.html]
[www.invertexto.com/calendario-lunar-setembro-2053.html]
[www.invertexto.com/calendario-lunar-outubro-2053.html]
[www.invertexto.com/calendario-lunar-novembro-2053.html]
[www.invertexto.com/calendario-lunar-dezembro-2053.html]
[www.invertexto.com/calendario-lunar-2058.html]
[www.invertexto.com/calendario-lunar-janeiro-2056.html]
[www.invertexto.com/calendario-lunar-fevereiro-2056.html]
[www.invertexto.com/calendario-lunar-marco-2056.html]
[www.invertexto.com/calendario-lunar-abril-2056.html]
[www.invertexto.com/calendario-lunar-maio-2056.html]
[www.invertexto.com/calendario-lunar-junho-2056.html]
[www.invertexto.com/calendario-lunar-julho-2056.html]
[www.invertexto.com/calendario-lunar-agosto-2056.html]
[www.invertexto.com/calendario-lunar-setembro-2056.html]
[www.invertexto.com/calendario-lunar-outubro-2056.html]
[www.invertexto.com/calendario-lunar-novembro-2056.html]
[www.invertexto.com/calendario-lunar-2056.html]
[www.invertexto.com/calendario-lunar-dezembro-2056.html]
[www.invertexto.com/calendario-lunar-janeiro-2054.html]
[www.invertexto.com/calendario-lunar-fevereiro-2054.html]
[www.invertexto.com/calendario-lunar-marco-2054.html]
[www.invertexto.com/calendario-lunar-abril-2054.html]
[www.invertexto.com/calendario-lunar-maio-2054.html]
[www.invertexto.com/calendario-lunar-junho-2054.html]
[www.invertexto.com/calendario-lunar-julho-2054.html]
[www.invertexto.com/calendario-lunar-agosto-2054.html]
[www.invertexto.com/calendario-lunar-setembro-2054.html]
[www.invertexto.com/calendario-lunar-outubro-2054.html]
[www.invertexto.com/calendario-lunar-novembro-2054.html]
[www.invertexto.com/calendario-lunar-dezembro-2054.html]
[www.invertexto.com/calendario/2009.html]
[www.invertexto.com/calendario/2010.html]
[www.invertexto.com/calendario/2043.html]
[www.invertexto.com/calendario/2042.html]
[www.invertexto.com/calendario-lunar-2059.html]
[www.invertexto.com/calendario-lunar-janeiro-2057.html]
[www.invertexto.com/calendario-lunar-fevereiro-2057.html]
[www.invertexto.com/calendario-lunar-marco-2057.html]
[www.invertexto.com/calendario-lunar-abril-2057.html]
[www.invertexto.com/calendario-lunar-maio-2057.html]
[www.invertexto.com/calendario-lunar-junho-2057.html]
[www.invertexto.com/calendario-lunar-julho-2057.html]
[www.invertexto.com/calendario-lunar-agosto-2057.html]
[www.invertexto.com/calendario-lunar-setembro-2057.html]
[www.invertexto.com/calendario-lunar-outubro-2057.html]
[www.invertexto.com/calendario-lunar-novembro-2057.html]
[www.invertexto.com/calendario-lunar-2057.html]
[www.invertexto.com/calendario-lunar-dezembro-2057.html]
[www.invertexto.com/calendario-lunar-janeiro-2055.html]
[www.invertexto.com/calendario-lunar-fevereiro-2055.html]
[www.invertexto.com/calendario-lunar-marco-2055.html]
[www.invertexto.com/calendario-lunar-abril-2055.html]
[www.invertexto.com/calendario-lunar-maio-2055.html]
[www.invertexto.com/calendario-lunar-junho-2055.html]
[www.invertexto.com/calendario-lunar-julho-2055.html]
[www.invertexto.com/calendario-lunar-agosto-2055.html]
[www.invertexto.com/calendario-lunar-setembro-2055.html]
[www.invertexto.com/calendario-lunar-outubro-2055.html]
[www.invertexto.com/calendario-lunar-novembro-2055.html]
[www.invertexto.com/calendario-lunar-dezembro-2055.html]
[www.invertexto.com/calendario-lunar-2060.html]
[www.invertexto.com/calendario-lunar-janeiro-2058.html]
[www.invertexto.com/calendario-lunar-fevereiro-2058.html]
[www.invertexto.com/calendario-lunar-marco-2058.html]
[www.invertexto.com/calendario-lunar-abril-2058.html]
[www.invertexto.com/calendario-lunar-maio-2058.html]
[www.invertexto.com/calendario-lunar-junho-2058.html]
[www.invertexto.com/calendario-lunar-julho-2058.html]
[www.invertexto.com/calendario-lunar-agosto-2058.html]
[www.invertexto.com/calendario-lunar-setembro-2058.html]
[www.invertexto.com/calendario-lunar-outubro-2058.html]
[www.invertexto.com/calendario-lunar-novembro-2058.html]
[www.invertexto.com/calendario-lunar-2058.html]
[www.invertexto.com/calendario-lunar-dezembro-2058.html]
[www.invertexto.com/calendario-lunar-janeiro-2056.html]
[www.invertexto.com/calendario-lunar-fevereiro-2056.html]
[www.invertexto.com/calendario-lunar-marco-2056.html]
[www.invertexto.com/calendario-lunar-abril-2056.html]
[www.invertexto.com/calendario-lunar-maio-2056.html]
[www.invertexto.com/calendario-lunar-junho-2056.html]
[www.invertexto.com/calendario-lunar-julho-2056.html]
[www.invertexto.com/calendario-lunar-agosto-2056.html]
[www.invertexto.com/calendario-lunar-setembro-2056.html]
[www.invertexto.com/calendario-lunar-outubro-2056.html]
[www.invertexto.com/calendario-lunar-novembro-2056.html]
[www.invertexto.com/calendario-lunar-dezembro-2056.html]
[www.invertexto.com/calendario/2008.html]
[www.invertexto.com/calendario/2009.html]
[www.invertexto.com/calendario/2044.html]
[www.invertexto.com/calendario/2043.html]
[www.invertexto.com/calendario-lunar-2061.html]
[www.invertexto.com/calendario-lunar-janeiro-2059.html]
[www.invertexto.com/calendario-lunar-fevereiro-2059.html]
[www.invertexto.com/calendario-lunar-marco-2059.html]
[www.invertexto.com/calendario-lunar-abril-2059.html]
[www.invertexto.com/calendario-lunar-maio-2059.html]
[www.invertexto.com/calendario-lunar-junho-2059.html]
[www.invertexto.com/calendario-lunar-julho-2059.html]
[www.invertexto.com/calendario-lunar-agosto-2059.html]
[www.invertexto.com/calendario-lunar-setembro-2059.html]
[www.invertexto.com/calendario-lunar-outubro-2059.html]
[www.invertexto.com/calendario-lunar-novembro-2059.html]
[www.invertexto.com/calendario-lunar-2059.html]
[www.invertexto.com/calendario-lunar-dezembro-2059.html]
[www.invertexto.com/calendario-lunar-janeiro-2057.html]
[www.invertexto.com/calendario-lunar-fevereiro-2057.html]
[www.invertexto.com/calendario-lunar-marco-2057.html]
[www.invertexto.com/calendario-lunar-abril-2057.html]
[www.invertexto.com/calendario-lunar-maio-2057.html]
[www.invertexto.com/calendario-lunar-junho-2057.html]
[www.invertexto.com/calendario-lunar-julho-2057.html]
[www.invertexto.com/calendario-lunar-agosto-2057.html]
[www.invertexto.com/calendario-lunar-setembro-2057.html]
[www.invertexto.com/calendario-lunar-outubro-2057.html]
[www.invertexto.com/calendario-lunar-novembro-2057.html]
[www.invertexto.com/calendario-lunar-dezembro-2057.html]
[www.invertexto.com/calendario-lunar-2062.html]
[www.invertexto.com/calendario-lunar-janeiro-2060.html]
[www.invertexto.com/calendario-lunar-fevereiro-2060.html]
[www.invertexto.com/calendario-lunar-marco-2060.html]
[www.invertexto.com/calendario-lunar-abril-2060.html]
[www.invertexto.com/calendario-lunar-maio-2060.html]
[www.invertexto.com/calendario-lunar-junho-2060.html]
[www.invertexto.com/calendario-lunar-julho-2060.html]
[www.invertexto.com/calendario-lunar-agosto-2060.html]
[www.invertexto.com/calendario-lunar-setembro-2060.html]
[www.invertexto.com/calendario-lunar-outubro-2060.html]
[www.invertexto.com/calendario-lunar-novembro-2060.html]
[www.invertexto.com/calendario-lunar-2060.html]
[www.invertexto.com/calendario-lunar-dezembro-2060.html]
[www.invertexto.com/calendario-lunar-janeiro-2058.html]
[www.invertexto.com/calendario-lunar-fevereiro-2058.html]
[www.invertexto.com/calendario-lunar-marco-2058.html]
[www.invertexto.com/calendario-lunar-abril-2058.html]
[www.invertexto.com/calendario-lunar-maio-2058.html]
[www.invertexto.com/calendario-lunar-junho-2058.html]
[www.invertexto.com/calendario-lunar-julho-2058.html]
[www.invertexto.com/calendario-lunar-agosto-2058.html]
[www.invertexto.com/calendario-lunar-setembro-2058.html]
[www.invertexto.com/calendario-lunar-outubro-2058.html]
[www.invertexto.com/calendario-lunar-novembro-2058.html]
[www.invertexto.com/calendario-lunar-dezembro-2058.html]
[www.invertexto.com/calendario/2007.html]
[www.invertexto.com/calendario/2008.html]
[www.invertexto.com/calendario/2045.html]
[www.invertexto.com/calendario/2044.html]
[www.invertexto.com/calendario-lunar-2063.html]
[www.invertexto.com/calendario-lunar-janeiro-2061.html]
[www.invertexto.com/calendario-lunar-fevereiro-2061.html]
[www.invertexto.com/calendario-lunar-marco-2061.html]
[www.invertexto.com/calendario-lunar-abril-2061.html]
[www.invertexto.com/calendario-lunar-maio-2061.html]
[www.invertexto.com/calendario-lunar-junho-2061.html]
[www.invertexto.com/calendario-lunar-julho-2061.html]
[www.invertexto.com/calendario-lunar-agosto-2061.html]
[www.invertexto.com/calendario-lunar-setembro-2061.html]
[www.invertexto.com/calendario-lunar-outubro-2061.html]
[www.invertexto.com/calendario-lunar-novembro-2061.html]
[www.invertexto.com/calendario-lunar-2061.html]
[www.invertexto.com/calendario-lunar-dezembro-2061.html]
[www.invertexto.com/calendario-lunar-janeiro-2059.html]
[www.invertexto.com/calendario-lunar-fevereiro-2059.html]
[www.invertexto.com/calendario-lunar-marco-2059.html]
[www.invertexto.com/calendario-lunar-abril-2059.html]
[www.invertexto.com/calendario-lunar-maio-2059.html]
[www.invertexto.com/calendario-lunar-junho-2059.html]
[www.invertexto.com/calendario-lunar-julho-2059.html]
[www.invertexto.com/calendario-lunar-agosto-2059.html]
[www.invertexto.com/calendario-lunar-setembro-2059.html]
[www.invertexto.com/calendario-lunar-outubro-2059.html]
[www.invertexto.com/calendario-lunar-novembro-2059.html]
[www.invertexto.com/calendario-lunar-dezembro-2059.html]
[www.invertexto.com/calendario-lunar-2064.html]
[www.invertexto.com/calendario-lunar-janeiro-2062.html]
[www.invertexto.com/calendario-lunar-fevereiro-2062.html]
[www.invertexto.com/calendario-lunar-marco-2062.html]
[www.invertexto.com/calendario-lunar-abril-2062.html]
[www.invertexto.com/calendario-lunar-maio-2062.html]
[www.invertexto.com/calendario-lunar-junho-2062.html]
[www.invertexto.com/calendario-lunar-julho-2062.html]
[www.invertexto.com/calendario-lunar-agosto-2062.html]
[www.invertexto.com/calendario-lunar-setembro-2062.html]
[www.invertexto.com/calendario-lunar-outubro-2062.html]
[www.invertexto.com/calendario-lunar-novembro-2062.html]
[www.invertexto.com/calendario-lunar-2062.html]
[www.invertexto.com/calendario-lunar-dezembro-2062.html]
[www.invertexto.com/calendario-lunar-janeiro-2060.html]
[www.invertexto.com/calendario-lunar-fevereiro-2060.html]
[www.invertexto.com/calendario-lunar-marco-2060.html]
[www.invertexto.com/calendario-lunar-abril-2060.html]
[www.invertexto.com/calendario-lunar-maio-2060.html]
[www.invertexto.com/calendario-lunar-junho-2060.html]
[www.invertexto.com/calendario-lunar-julho-2060.html]
[www.invertexto.com/calendario-lunar-agosto-2060.html]
[www.invertexto.com/calendario-lunar-setembro-2060.html]
[www.invertexto.com/calendario-lunar-outubro-2060.html]
[www.invertexto.com/calendario-lunar-novembro-2060.html]
[www.invertexto.com/calendario-lunar-dezembro-2060.html]
[www.invertexto.com/calendario/2006.html]
[www.invertexto.com/calendario/2007.html]
[www.invertexto.com/calendario/2046.html]
[www.invertexto.com/calendario/2045.html]
[www.invertexto.com/calendario-lunar-2065.html]
[www.invertexto.com/calendario-lunar-janeiro-2063.html]
[www.invertexto.com/calendario-lunar-fevereiro-2063.html]
[www.invertexto.com/calendario-lunar-marco-2063.html]
[www.invertexto.com/calendario-lunar-abril-2063.html]
[www.invertexto.com/calendario-lunar-maio-2063.html]
[www.invertexto.com/calendario-lunar-junho-2063.html]
[www.invertexto.com/calendario-lunar-julho-2063.html]
[www.invertexto.com/calendario-lunar-agosto-2063.html]
[www.invertexto.com/calendario-lunar-setembro-2063.html]
[www.invertexto.com/calendario-lunar-outubro-2063.html]
[www.invertexto.com/calendario-lunar-novembro-2063.html]
[www.invertexto.com/calendario-lunar-2063.html]
[www.invertexto.com/calendario-lunar-dezembro-2063.html]
[www.invertexto.com/calendario-lunar-janeiro-2061.html]
[www.invertexto.com/calendario-lunar-fevereiro-2061.html]
[www.invertexto.com/calendario-lunar-marco-2061.html]
[www.invertexto.com/calendario-lunar-abril-2061.html]
[www.invertexto.com/calendario-lunar-maio-2061.html]
[www.invertexto.com/calendario-lunar-junho-2061.html]
[www.invertexto.com/calendario-lunar-julho-2061.html]
[www.invertexto.com/calendario-lunar-agosto-2061.html]
[www.invertexto.com/calendario-lunar-setembro-2061.html]
[www.invertexto.com/calendario-lunar-outubro-2061.html]
[www.invertexto.com/calendario-lunar-novembro-2061.html]
[www.invertexto.com/calendario-lunar-dezembro-2061.html]
[www.invertexto.com/calendario-lunar-2066.html]
[www.invertexto.com/calendario-lunar-janeiro-2064.html]
[www.invertexto.com/calendario-lunar-fevereiro-2064.html]
[www.invertexto.com/calendario-lunar-marco-2064.html]
[www.invertexto.com/calendario-lunar-abril-2064.html]
[www.invertexto.com/calendario-lunar-maio-2064.html]
[www.invertexto.com/calendario-lunar-junho-2064.html]
[www.invertexto.com/calendario-lunar-julho-2064.html]
[www.invertexto.com/calendario-lunar-agosto-2064.html]
[www.invertexto.com/calendario-lunar-setembro-2064.html]
[www.invertexto.com/calendario-lunar-outubro-2064.html]
[www.invertexto.com/calendario-lunar-novembro-2064.html]
[www.invertexto.com/calendario-lunar-2064.html]
[www.invertexto.com/calendario-lunar-dezembro-2064.html]
[www.invertexto.com/calendario-lunar-janeiro-2062.html]
[www.invertexto.com/calendario-lunar-fevereiro-2062.html]
[www.invertexto.com/calendario-lunar-marco-2062.html]
[www.invertexto.com/calendario-lunar-abril-2062.html]
[www.invertexto.com/calendario-lunar-maio-2062.html]
[www.invertexto.com/calendario-lunar-junho-2062.html]
[www.invertexto.com/calendario-lunar-julho-2062.html]
[www.invertexto.com/calendario-lunar-agosto-2062.html]
[www.invertexto.com/calendario-lunar-setembro-2062.html]
[www.invertexto.com/calendario-lunar-outubro-2062.html]
[www.invertexto.com/calendario-lunar-novembro-2062.html]
[www.invertexto.com/calendario-lunar-dezembro-2062.html]
[www.invertexto.com/calendario/2005.html]
[www.invertexto.com/calendario/2006.html]
[www.invertexto.com/calendario/2047.html]
[www.invertexto.com/calendario/2046.html]
[www.invertexto.com/calendario-lunar-2067.html]
[www.invertexto.com/calendario-lunar-janeiro-2065.html]
[www.invertexto.com/calendario-lunar-fevereiro-2065.html]
[www.invertexto.com/calendario-lunar-marco-2065.html]
[www.invertexto.com/calendario-lunar-abril-2065.html]
[www.invertexto.com/calendario-lunar-maio-2065.html]
[www.invertexto.com/calendario-lunar-junho-2065.html]
[www.invertexto.com/calendario-lunar-julho-2065.html]
[www.invertexto.com/calendario-lunar-agosto-2065.html]
[www.invertexto.com/calendario-lunar-setembro-2065.html]
[www.invertexto.com/calendario-lunar-outubro-2065.html]
[www.invertexto.com/calendario-lunar-novembro-2065.html]
[www.invertexto.com/calendario-lunar-2065.html]
[www.invertexto.com/calendario-lunar-dezembro-2065.html]
[www.invertexto.com/calendario-lunar-janeiro-2063.html]
[www.invertexto.com/calendario-lunar-fevereiro-2063.html]
[www.invertexto.com/calendario-lunar-marco-2063.html]
[www.invertexto.com/calendario-lunar-abril-2063.html]
[www.invertexto.com/calendario-lunar-maio-2063.html]
[www.invertexto.com/calendario-lunar-junho-2063.html]
[www.invertexto.com/calendario-lunar-julho-2063.html]
[www.invertexto.com/calendario-lunar-agosto-2063.html]
[www.invertexto.com/calendario-lunar-setembro-2063.html]
[www.invertexto.com/calendario-lunar-outubro-2063.html]
[www.invertexto.com/calendario-lunar-novembro-2063.html]
[www.invertexto.com/calendario-lunar-dezembro-2063.html]
[www.invertexto.com/calendario-lunar-2068.html]
[www.invertexto.com/calendario-lunar-janeiro-2066.html]
[www.invertexto.com/calendario-lunar-fevereiro-2066.html]
[www.invertexto.com/calendario-lunar-marco-2066.html]
[www.invertexto.com/calendario-lunar-abril-2066.html]
[www.invertexto.com/calendario-lunar-maio-2066.html]
[www.invertexto.com/calendario-lunar-junho-2066.html]
[www.invertexto.com/calendario-lunar-julho-2066.html]
[www.invertexto.com/calendario-lunar-agosto-2066.html]
[www.invertexto.com/calendario-lunar-setembro-2066.html]
[www.invertexto.com/calendario-lunar-outubro-2066.html]
[www.invertexto.com/calendario-lunar-novembro-2066.html]
[www.invertexto.com/calendario-lunar-2066.html]
[www.invertexto.com/calendario-lunar-dezembro-2066.html]
[www.invertexto.com/calendario-lunar-janeiro-2064.html]
[www.invertexto.com/calendario-lunar-fevereiro-2064.html]
[www.invertexto.com/calendario-lunar-marco-2064.html]
[www.invertexto.com/calendario-lunar-abril-2064.html]
[www.invertexto.com/calendario-lunar-maio-2064.html]
[www.invertexto.com/calendario-lunar-junho-2064.html]
[www.invertexto.com/calendario-lunar-julho-2064.html]
[www.invertexto.com/calendario-lunar-agosto-2064.html]
[www.invertexto.com/calendario-lunar-setembro-2064.html]
[www.invertexto.com/calendario-lunar-outubro-2064.html]
[www.invertexto.com/calendario-lunar-novembro-2064.html]
[www.invertexto.com/calendario-lunar-dezembro-2064.html]
[www.invertexto.com/calendario/2004.html]
[www.invertexto.com/calendario/2005.html]
[www.invertexto.com/calendario/2048.html]
[www.invertexto.com/calendario/2047.html]
[www.invertexto.com/calendario-lunar-2069.html]
[www.invertexto.com/calendario-lunar-janeiro-2067.html]
[www.invertexto.com/calendario-lunar-fevereiro-2067.html]
[www.invertexto.com/calendario-lunar-marco-2067.html]
[www.invertexto.com/calendario-lunar-abril-2067.html]
[www.invertexto.com/calendario-lunar-maio-2067.html]
[www.invertexto.com/calendario-lunar-junho-2067.html]
[www.invertexto.com/calendario-lunar-julho-2067.html]
[www.invertexto.com/calendario-lunar-agosto-2067.html]
[www.invertexto.com/calendario-lunar-setembro-2067.html]
[www.invertexto.com/calendario-lunar-outubro-2067.html]
[www.invertexto.com/calendario-lunar-novembro-2067.html]
[www.invertexto.com/calendario-lunar-2067.html]
[www.invertexto.com/calendario-lunar-dezembro-2067.html]
[www.invertexto.com/calendario-lunar-janeiro-2065.html]
[www.invertexto.com/calendario-lunar-fevereiro-2065.html]
[www.invertexto.com/calendario-lunar-marco-2065.html]
[www.invertexto.com/calendario-lunar-abril-2065.html]
[www.invertexto.com/calendario-lunar-maio-2065.html]
[www.invertexto.com/calendario-lunar-junho-2065.html]
[www.invertexto.com/calendario-lunar-julho-2065.html]
[www.invertexto.com/calendario-lunar-agosto-2065.html]
[www.invertexto.com/calendario-lunar-setembro-2065.html]
[www.invertexto.com/calendario-lunar-outubro-2065.html]
[www.invertexto.com/calendario-lunar-novembro-2065.html]
[www.invertexto.com/calendario-lunar-dezembro-2065.html]
[www.invertexto.com/calendario-lunar-2070.html]
[www.invertexto.com/calendario-lunar-janeiro-2068.html]
[www.invertexto.com/calendario-lunar-fevereiro-2068.html]
[www.invertexto.com/calendario-lunar-marco-2068.html]
[www.invertexto.com/calendario-lunar-abril-2068.html]
[www.invertexto.com/calendario-lunar-maio-2068.html]
[www.invertexto.com/calendario-lunar-junho-2068.html]
[www.invertexto.com/calendario-lunar-julho-2068.html]
[www.invertexto.com/calendario-lunar-agosto-2068.html]
[www.invertexto.com/calendario-lunar-setembro-2068.html]
[www.invertexto.com/calendario-lunar-outubro-2068.html]
[www.invertexto.com/calendario-lunar-novembro-2068.html]
[www.invertexto.com/calendario-lunar-dezembro-2068.html]
[www.invertexto.com/calendario-lunar-2068.html]
[www.invertexto.com/calendario-lunar-janeiro-2066.html]
[www.invertexto.com/calendario-lunar-fevereiro-2066.html]
[www.invertexto.com/calendario-lunar-marco-2066.html]
[www.invertexto.com/calendario-lunar-abril-2066.html]
[www.invertexto.com/calendario-lunar-maio-2066.html]
[www.invertexto.com/calendario-lunar-junho-2066.html]
[www.invertexto.com/calendario-lunar-julho-2066.html]
[www.invertexto.com/calendario-lunar-agosto-2066.html]
[www.invertexto.com/calendario-lunar-setembro-2066.html]
[www.invertexto.com/calendario-lunar-outubro-2066.html]
[www.invertexto.com/calendario-lunar-novembro-2066.html]
[www.invertexto.com/calendario-lunar-dezembro-2066.html]
[www.invertexto.com/calendario/2003.html]
[www.invertexto.com/calendario/2004.html]
[www.invertexto.com/calendario/2049.html]
[www.invertexto.com/calendario/2048.html]
[www.invertexto.com/calendario-lunar-2071.html]
[www.invertexto.com/calendario-lunar-janeiro-2069.html]
[www.invertexto.com/calendario-lunar-fevereiro-2069.html]
[www.invertexto.com/calendario-lunar-marco-2069.html]
[www.invertexto.com/calendario-lunar-abril-2069.html]
[www.invertexto.com/calendario-lunar-maio-2069.html]
[www.invertexto.com/calendario-lunar-junho-2069.html]
[www.invertexto.com/calendario-lunar-julho-2069.html]
[www.invertexto.com/calendario-lunar-agosto-2069.html]
[www.invertexto.com/calendario-lunar-setembro-2069.html]
[www.invertexto.com/calendario-lunar-outubro-2069.html]
[www.invertexto.com/calendario-lunar-novembro-2069.html]
[www.invertexto.com/calendario-lunar-2069.html]
[www.invertexto.com/calendario-lunar-dezembro-2069.html]
[www.invertexto.com/calendario-lunar-janeiro-2067.html]
[www.invertexto.com/calendario-lunar-fevereiro-2067.html]
[www.invertexto.com/calendario-lunar-marco-2067.html]
[www.invertexto.com/calendario-lunar-abril-2067.html]
[www.invertexto.com/calendario-lunar-maio-2067.html]
[www.invertexto.com/calendario-lunar-junho-2067.html]
[www.invertexto.com/calendario-lunar-julho-2067.html]
[www.invertexto.com/calendario-lunar-agosto-2067.html]
[www.invertexto.com/calendario-lunar-setembro-2067.html]
[www.invertexto.com/calendario-lunar-outubro-2067.html]
[www.invertexto.com/calendario-lunar-novembro-2067.html]
[www.invertexto.com/calendario-lunar-dezembro-2067.html]
[www.invertexto.com/calendario-lunar-2072.html]
[www.invertexto.com/calendario-lunar-janeiro-2070.html]
[www.invertexto.com/calendario-lunar-fevereiro-2070.html]
[www.invertexto.com/calendario-lunar-marco-2070.html]
[www.invertexto.com/calendario-lunar-abril-2070.html]
[www.invertexto.com/calendario-lunar-maio-2070.html]
[www.invertexto.com/calendario-lunar-junho-2070.html]
[www.invertexto.com/calendario-lunar-julho-2070.html]
[www.invertexto.com/calendario-lunar-agosto-2070.html]
[www.invertexto.com/calendario-lunar-setembro-2070.html]
[www.invertexto.com/calendario-lunar-outubro-2070.html]
[www.invertexto.com/calendario-lunar-novembro-2070.html]
[www.invertexto.com/calendario-lunar-2070.html]
[www.invertexto.com/calendario-lunar-dezembro-2070.html]
[www.invertexto.com/calendario-lunar-janeiro-2068.html]
[www.invertexto.com/calendario-lunar-fevereiro-2068.html]
[www.invertexto.com/calendario-lunar-marco-2068.html]
[www.invertexto.com/calendario-lunar-abril-2068.html]
[www.invertexto.com/calendario-lunar-maio-2068.html]
[www.invertexto.com/calendario-lunar-junho-2068.html]
[www.invertexto.com/calendario-lunar-julho-2068.html]
[www.invertexto.com/calendario-lunar-agosto-2068.html]
[www.invertexto.com/calendario-lunar-setembro-2068.html]
[www.invertexto.com/calendario-lunar-outubro-2068.html]
[www.invertexto.com/calendario-lunar-novembro-2068.html]
[www.invertexto.com/calendario-lunar-dezembro-2068.html]
[www.invertexto.com/calendario/2002.html]
[www.invertexto.com/calendario/2003.html]
[www.invertexto.com/calendario/2050.html]
[www.invertexto.com/calendario/2049.html]
[www.invertexto.com/calendario-lunar-2073.html]
[www.invertexto.com/calendario-lunar-janeiro-2071.html]
[www.invertexto.com/calendario-lunar-fevereiro-2071.html]
[www.invertexto.com/calendario-lunar-marco-2071.html]
[www.invertexto.com/calendario-lunar-abril-2071.html]
[www.invertexto.com/calendario-lunar-maio-2071.html]
[www.invertexto.com/calendario-lunar-junho-2071.html]
[www.invertexto.com/calendario-lunar-julho-2071.html]
[www.invertexto.com/calendario-lunar-agosto-2071.html]
[www.invertexto.com/calendario-lunar-setembro-2071.html]
[www.invertexto.com/calendario-lunar-outubro-2071.html]
[www.invertexto.com/calendario-lunar-novembro-2071.html]
[www.invertexto.com/calendario-lunar-2071.html]
[www.invertexto.com/calendario-lunar-dezembro-2071.html]
[www.invertexto.com/calendario-lunar-janeiro-2069.html]
[www.invertexto.com/calendario-lunar-fevereiro-2069.html]
[www.invertexto.com/calendario-lunar-marco-2069.html]
[www.invertexto.com/calendario-lunar-abril-2069.html]
[www.invertexto.com/calendario-lunar-maio-2069.html]
[www.invertexto.com/calendario-lunar-junho-2069.html]
[www.invertexto.com/calendario-lunar-julho-2069.html]
[www.invertexto.com/calendario-lunar-agosto-2069.html]
[www.invertexto.com/calendario-lunar-setembro-2069.html]
[www.invertexto.com/calendario-lunar-outubro-2069.html]
[www.invertexto.com/calendario-lunar-novembro-2069.html]
[www.invertexto.com/calendario-lunar-dezembro-2069.html]
[www.invertexto.com/calendario-lunar-2074.html]
[www.invertexto.com/calendario-lunar-janeiro-2072.html]
[www.invertexto.com/calendario-lunar-fevereiro-2072.html]
[www.invertexto.com/calendario-lunar-marco-2072.html]
[www.invertexto.com/calendario-lunar-abril-2072.html]
[www.invertexto.com/calendario-lunar-maio-2072.html]
[www.invertexto.com/calendario-lunar-junho-2072.html]
[www.invertexto.com/calendario-lunar-julho-2072.html]
[www.invertexto.com/calendario-lunar-agosto-2072.html]
[www.invertexto.com/calendario-lunar-setembro-2072.html]
[www.invertexto.com/calendario-lunar-outubro-2072.html]
[www.invertexto.com/calendario-lunar-novembro-2072.html]
[www.invertexto.com/calendario-lunar-2072.html]
[www.invertexto.com/calendario-lunar-dezembro-2072.html]
[www.invertexto.com/calendario-lunar-janeiro-2070.html]
[www.invertexto.com/calendario-lunar-fevereiro-2070.html]
[www.invertexto.com/calendario-lunar-marco-2070.html]
[www.invertexto.com/calendario-lunar-abril-2070.html]
[www.invertexto.com/calendario-lunar-maio-2070.html]
[www.invertexto.com/calendario-lunar-junho-2070.html]
[www.invertexto.com/calendario-lunar-julho-2070.html]
[www.invertexto.com/calendario-lunar-agosto-2070.html]
[www.invertexto.com/calendario-lunar-setembro-2070.html]
[www.invertexto.com/calendario-lunar-outubro-2070.html]
[www.invertexto.com/calendario-lunar-novembro-2070.html]
[www.invertexto.com/calendario-lunar-dezembro-2070.html]
[www.invertexto.com/calendario/2001.html]
[www.invertexto.com/calendario/2002.html]
[www.invertexto.com/calendario/2051.html]
[www.invertexto.com/calendario/2050.html]
[www.invertexto.com/calendario-lunar-2075.html]
[www.invertexto.com/calendario-lunar-janeiro-2073.html]
[www.invertexto.com/calendario-lunar-fevereiro-2073.html]
[www.invertexto.com/calendario-lunar-marco-2073.html]
[www.invertexto.com/calendario-lunar-abril-2073.html]
[www.invertexto.com/calendario-lunar-maio-2073.html]
[www.invertexto.com/calendario-lunar-junho-2073.html]
[www.invertexto.com/calendario-lunar-julho-2073.html]
[www.invertexto.com/calendario-lunar-agosto-2073.html]
[www.invertexto.com/calendario-lunar-setembro-2073.html]
[www.invertexto.com/calendario-lunar-outubro-2073.html]
[www.invertexto.com/calendario-lunar-novembro-2073.html]
[www.invertexto.com/calendario-lunar-2073.html]
[www.invertexto.com/calendario-lunar-dezembro-2073.html]
[www.invertexto.com/calendario-lunar-janeiro-2071.html]
[www.invertexto.com/calendario-lunar-fevereiro-2071.html]
[www.invertexto.com/calendario-lunar-marco-2071.html]
[www.invertexto.com/calendario-lunar-abril-2071.html]
[www.invertexto.com/calendario-lunar-maio-2071.html]
[www.invertexto.com/calendario-lunar-junho-2071.html]
[www.invertexto.com/calendario-lunar-julho-2071.html]
[www.invertexto.com/calendario-lunar-agosto-2071.html]
[www.invertexto.com/calendario-lunar-setembro-2071.html]
[www.invertexto.com/calendario-lunar-outubro-2071.html]
[www.invertexto.com/calendario-lunar-novembro-2071.html]
[www.invertexto.com/calendario-lunar-dezembro-2071.html]
[www.invertexto.com/calendario-lunar-2076.html]
[www.invertexto.com/calendario-lunar-janeiro-2074.html]
[www.invertexto.com/calendario-lunar-fevereiro-2074.html]
[www.invertexto.com/calendario-lunar-marco-2074.html]
[www.invertexto.com/calendario-lunar-abril-2074.html]
[www.invertexto.com/calendario-lunar-maio-2074.html]
[www.invertexto.com/calendario-lunar-junho-2074.html]
[www.invertexto.com/calendario-lunar-julho-2074.html]
[www.invertexto.com/calendario-lunar-agosto-2074.html]
[www.invertexto.com/calendario-lunar-setembro-2074.html]
[www.invertexto.com/calendario-lunar-outubro-2074.html]
[www.invertexto.com/calendario-lunar-novembro-2074.html]
[www.invertexto.com/calendario-lunar-2074.html]
[www.invertexto.com/calendario-lunar-dezembro-2074.html]
[www.invertexto.com/calendario-lunar-janeiro-2072.html]
[www.invertexto.com/calendario-lunar-fevereiro-2072.html]
[www.invertexto.com/calendario-lunar-marco-2072.html]
[www.invertexto.com/calendario-lunar-abril-2072.html]
[www.invertexto.com/calendario-lunar-maio-2072.html]
[www.invertexto.com/calendario-lunar-junho-2072.html]
[www.invertexto.com/calendario-lunar-julho-2072.html]
[www.invertexto.com/calendario-lunar-agosto-2072.html]
[www.invertexto.com/calendario-lunar-setembro-2072.html]
[www.invertexto.com/calendario-lunar-outubro-2072.html]
[www.invertexto.com/calendario-lunar-novembro-2072.html]
[www.invertexto.com/calendario-lunar-dezembro-2072.html]
[www.invertexto.com/calendario/2000.html]
[www.invertexto.com/calendario/2001.html]
[www.invertexto.com/calendario/2052.html]
[www.invertexto.com/calendario/2051.html]
[www.invertexto.com/calendario-lunar-2077.html]
[www.invertexto.com/calendario-lunar-janeiro-2075.html]
[www.invertexto.com/calendario-lunar-fevereiro-2075.html]
[www.invertexto.com/calendario-lunar-marco-2075.html]
[www.invertexto.com/calendario-lunar-abril-2075.html]
[www.invertexto.com/calendario-lunar-maio-2075.html]
[www.invertexto.com/calendario-lunar-junho-2075.html]
[www.invertexto.com/calendario-lunar-julho-2075.html]
[www.invertexto.com/calendario-lunar-agosto-2075.html]
[www.invertexto.com/calendario-lunar-setembro-2075.html]
[www.invertexto.com/calendario-lunar-outubro-2075.html]
[www.invertexto.com/calendario-lunar-novembro-2075.html]
[www.invertexto.com/calendario-lunar-2075.html]
[www.invertexto.com/calendario-lunar-dezembro-2075.html]
[www.invertexto.com/calendario-lunar-janeiro-2073.html]
[www.invertexto.com/calendario-lunar-fevereiro-2073.html]
[www.invertexto.com/calendario-lunar-marco-2073.html]
[www.invertexto.com/calendario-lunar-abril-2073.html]
[www.invertexto.com/calendario-lunar-maio-2073.html]
[www.invertexto.com/calendario-lunar-junho-2073.html]
[www.invertexto.com/calendario-lunar-julho-2073.html]
[www.invertexto.com/calendario-lunar-agosto-2073.html]
[www.invertexto.com/calendario-lunar-setembro-2073.html]
[www.invertexto.com/calendario-lunar-outubro-2073.html]
[www.invertexto.com/calendario-lunar-novembro-2073.html]
[www.invertexto.com/calendario-lunar-dezembro-2073.html]
[www.invertexto.com/calendario-lunar-2078.html]
[www.invertexto.com/calendario-lunar-janeiro-2076.html]
[www.invertexto.com/calendario-lunar-fevereiro-2076.html]
[www.invertexto.com/calendario-lunar-marco-2076.html]
[www.invertexto.com/calendario-lunar-abril-2076.html]
[www.invertexto.com/calendario-lunar-maio-2076.html]
[www.invertexto.com/calendario-lunar-junho-2076.html]
[www.invertexto.com/calendario-lunar-julho-2076.html]
[www.invertexto.com/calendario-lunar-agosto-2076.html]
[www.invertexto.com/calendario-lunar-setembro-2076.html]
[www.invertexto.com/calendario-lunar-outubro-2076.html]
[www.invertexto.com/calendario-lunar-novembro-2076.html]
[www.invertexto.com/calendario-lunar-2076.html]
[www.invertexto.com/calendario-lunar-dezembro-2076.html]
[www.invertexto.com/calendario-lunar-janeiro-2074.html]
[www.invertexto.com/calendario-lunar-fevereiro-2074.html]
[www.invertexto.com/calendario-lunar-marco-2074.html]
[www.invertexto.com/calendario-lunar-abril-2074.html]
[www.invertexto.com/calendario-lunar-maio-2074.html]
[www.invertexto.com/calendario-lunar-junho-2074.html]
[www.invertexto.com/calendario-lunar-julho-2074.html]
[www.invertexto.com/calendario-lunar-agosto-2074.html]
[www.invertexto.com/calendario-lunar-setembro-2074.html]
[www.invertexto.com/calendario-lunar-outubro-2074.html]
[www.invertexto.com/calendario-lunar-novembro-2074.html]
[www.invertexto.com/calendario-lunar-dezembro-2074.html]
[www.invertexto.com/calendario/2000.html]
[www.invertexto.com/calendario/2053.html]
[www.invertexto.com/calendario/2052.html]
[www.invertexto.com/calendario-lunar-2079.html]
[www.invertexto.com/calendario-lunar-janeiro-2077.html]
[www.invertexto.com/calendario-lunar-fevereiro-2077.html]
[www.invertexto.com/calendario-lunar-marco-2077.html]
[www.invertexto.com/calendario-lunar-abril-2077.html]
[www.invertexto.com/calendario-lunar-maio-2077.html]
[www.invertexto.com/calendario-lunar-junho-2077.html]
[www.invertexto.com/calendario-lunar-julho-2077.html]
[www.invertexto.com/calendario-lunar-agosto-2077.html]
[www.invertexto.com/calendario-lunar-setembro-2077.html]
[www.invertexto.com/calendario-lunar-outubro-2077.html]
[www.invertexto.com/calendario-lunar-novembro-2077.html]
[www.invertexto.com/calendario-lunar-2077.html]
[www.invertexto.com/calendario-lunar-dezembro-2077.html]
[www.invertexto.com/calendario-lunar-janeiro-2075.html]
[www.invertexto.com/calendario-lunar-fevereiro-2075.html]
[www.invertexto.com/calendario-lunar-marco-2075.html]
[www.invertexto.com/calendario-lunar-abril-2075.html]
[www.invertexto.com/calendario-lunar-maio-2075.html]
[www.invertexto.com/calendario-lunar-junho-2075.html]
[www.invertexto.com/calendario-lunar-julho-2075.html]
[www.invertexto.com/calendario-lunar-agosto-2075.html]
[www.invertexto.com/calendario-lunar-setembro-2075.html]
[www.invertexto.com/calendario-lunar-outubro-2075.html]
[www.invertexto.com/calendario-lunar-novembro-2075.html]
[www.invertexto.com/calendario-lunar-dezembro-2075.html]
[www.invertexto.com/calendario-lunar-2080.html]
[www.invertexto.com/calendario-lunar-janeiro-2078.html]
[www.invertexto.com/calendario-lunar-fevereiro-2078.html]
[www.invertexto.com/calendario-lunar-marco-2078.html]
[www.invertexto.com/calendario-lunar-abril-2078.html]
[www.invertexto.com/calendario-lunar-maio-2078.html]
[www.invertexto.com/calendario-lunar-junho-2078.html]
[www.invertexto.com/calendario-lunar-julho-2078.html]
[www.invertexto.com/calendario-lunar-agosto-2078.html]
[www.invertexto.com/calendario-lunar-setembro-2078.html]
[www.invertexto.com/calendario-lunar-outubro-2078.html]
[www.invertexto.com/calendario-lunar-novembro-2078.html]
[www.invertexto.com/calendario-lunar-2078.html]
[www.invertexto.com/calendario-lunar-dezembro-2078.html]
[www.invertexto.com/calendario-lunar-janeiro-2076.html]
[www.invertexto.com/calendario-lunar-fevereiro-2076.html]
[www.invertexto.com/calendario-lunar-marco-2076.html]
[www.invertexto.com/calendario-lunar-abril-2076.html]
[www.invertexto.com/calendario-lunar-maio-2076.html]
[www.invertexto.com/calendario-lunar-junho-2076.html]
[www.invertexto.com/calendario-lunar-julho-2076.html]
[www.invertexto.com/calendario-lunar-agosto-2076.html]
[www.invertexto.com/calendario-lunar-setembro-2076.html]
[www.invertexto.com/calendario-lunar-outubro-2076.html]
[www.invertexto.com/calendario-lunar-novembro-2076.html]
[www.invertexto.com/calendario-lunar-dezembro-2076.html]
[www.invertexto.com/calendario/1999.html]
[www.invertexto.com/calendario/2054.html]
[www.invertexto.com/calendario/2053.html]
[www.invertexto.com/calendario-lunar-2081.html]
[www.invertexto.com/calendario-lunar-janeiro-2079.html]
[www.invertexto.com/calendario-lunar-fevereiro-2079.html]
[www.invertexto.com/calendario-lunar-marco-2079.html]
[www.invertexto.com/calendario-lunar-abril-2079.html]
[www.invertexto.com/calendario-lunar-maio-2079.html]
[www.invertexto.com/calendario-lunar-junho-2079.html]
[www.invertexto.com/calendario-lunar-julho-2079.html]
[www.invertexto.com/calendario-lunar-agosto-2079.html]
[www.invertexto.com/calendario-lunar-setembro-2079.html]
[www.invertexto.com/calendario-lunar-outubro-2079.html]
[www.invertexto.com/calendario-lunar-novembro-2079.html]
[www.invertexto.com/calendario-lunar-dezembro-2079.html]
[www.invertexto.com/calendario-lunar-2079.html]
[www.invertexto.com/calendario-lunar-janeiro-2077.html]
[www.invertexto.com/calendario-lunar-fevereiro-2077.html]
[www.invertexto.com/calendario-lunar-marco-2077.html]
[www.invertexto.com/calendario-lunar-abril-2077.html]
[www.invertexto.com/calendario-lunar-maio-2077.html]
[www.invertexto.com/calendario-lunar-junho-2077.html]
[www.invertexto.com/calendario-lunar-julho-2077.html]
[www.invertexto.com/calendario-lunar-agosto-2077.html]
[www.invertexto.com/calendario-lunar-setembro-2077.html]
[www.invertexto.com/calendario-lunar-outubro-2077.html]
[www.invertexto.com/calendario-lunar-novembro-2077.html]
[www.invertexto.com/calendario-lunar-dezembro-2077.html]
[www.invertexto.com/calendario-lunar-2082.html]
[www.invertexto.com/calendario-lunar-janeiro-2080.html]
[www.invertexto.com/calendario-lunar-fevereiro-2080.html]
[www.invertexto.com/calendario-lunar-marco-2080.html]
[www.invertexto.com/calendario-lunar-abril-2080.html]
[www.invertexto.com/calendario-lunar-maio-2080.html]
[www.invertexto.com/calendario-lunar-junho-2080.html]
[www.invertexto.com/calendario-lunar-julho-2080.html]
[www.invertexto.com/calendario-lunar-agosto-2080.html]
[www.invertexto.com/calendario-lunar-setembro-2080.html]
[www.invertexto.com/calendario-lunar-outubro-2080.html]
[www.invertexto.com/calendario-lunar-novembro-2080.html]
[www.invertexto.com/calendario-lunar-dezembro-2080.html]
[www.invertexto.com/calendario-lunar-2080.html]
[www.invertexto.com/calendario-lunar-janeiro-2078.html]
[www.invertexto.com/calendario-lunar-fevereiro-2078.html]
[www.invertexto.com/calendario-lunar-marco-2078.html]
[www.invertexto.com/calendario-lunar-abril-2078.html]
[www.invertexto.com/calendario-lunar-maio-2078.html]
[www.invertexto.com/calendario-lunar-junho-2078.html]
[www.invertexto.com/calendario-lunar-julho-2078.html]
[www.invertexto.com/calendario-lunar-agosto-2078.html]
[www.invertexto.com/calendario-lunar-setembro-2078.html]
[www.invertexto.com/calendario-lunar-outubro-2078.html]
[www.invertexto.com/calendario-lunar-novembro-2078.html]
[www.invertexto.com/calendario-lunar-dezembro-2078.html]
[www.invertexto.com/calendario/2055.html]
[www.invertexto.com/calendario/2054.html]
[www.invertexto.com/calendario-lunar-2083.html]
[www.invertexto.com/calendario-lunar-janeiro-2081.html]
[www.invertexto.com/calendario-lunar-fevereiro-2081.html]
[www.invertexto.com/calendario-lunar-marco-2081.html]
[www.invertexto.com/calendario-lunar-abril-2081.html]
[www.invertexto.com/calendario-lunar-maio-2081.html]
[www.invertexto.com/calendario-lunar-junho-2081.html]
[www.invertexto.com/calendario-lunar-julho-2081.html]
[www.invertexto.com/calendario-lunar-agosto-2081.html]
[www.invertexto.com/calendario-lunar-setembro-2081.html]
[www.invertexto.com/calendario-lunar-outubro-2081.html]
[www.invertexto.com/calendario-lunar-novembro-2081.html]
[www.invertexto.com/calendario-lunar-2081.html]
[www.invertexto.com/calendario-lunar-dezembro-2081.html]
[www.invertexto.com/calendario-lunar-janeiro-2079.html]
[www.invertexto.com/calendario-lunar-fevereiro-2079.html]
[www.invertexto.com/calendario-lunar-marco-2079.html]
[www.invertexto.com/calendario-lunar-abril-2079.html]
[www.invertexto.com/calendario-lunar-maio-2079.html]
[www.invertexto.com/calendario-lunar-junho-2079.html]
[www.invertexto.com/calendario-lunar-julho-2079.html]
[www.invertexto.com/calendario-lunar-agosto-2079.html]
[www.invertexto.com/calendario-lunar-setembro-2079.html]
[www.invertexto.com/calendario-lunar-outubro-2079.html]
[www.invertexto.com/calendario-lunar-novembro-2079.html]
[www.invertexto.com/calendario-lunar-dezembro-2079.html]
[www.invertexto.com/calendario-lunar-2084.html]
[www.invertexto.com/calendario-lunar-janeiro-2082.html]
[www.invertexto.com/calendario-lunar-fevereiro-2082.html]
[www.invertexto.com/calendario-lunar-marco-2082.html]
[www.invertexto.com/calendario-lunar-abril-2082.html]
[www.invertexto.com/calendario-lunar-maio-2082.html]
[www.invertexto.com/calendario-lunar-junho-2082.html]
[www.invertexto.com/calendario-lunar-julho-2082.html]
[www.invertexto.com/calendario-lunar-agosto-2082.html]
[www.invertexto.com/calendario-lunar-setembro-2082.html]
[www.invertexto.com/calendario-lunar-outubro-2082.html]
[www.invertexto.com/calendario-lunar-novembro-2082.html]
[www.invertexto.com/calendario-lunar-2082.html]
[www.invertexto.com/calendario-lunar-dezembro-2082.html]
[www.invertexto.com/calendario-lunar-janeiro-2080.html]
[www.invertexto.com/calendario-lunar-fevereiro-2080.html]
[www.invertexto.com/calendario-lunar-marco-2080.html]
[www.invertexto.com/calendario-lunar-abril-2080.html]
[www.invertexto.com/calendario-lunar-maio-2080.html]
[www.invertexto.com/calendario-lunar-junho-2080.html]
[www.invertexto.com/calendario-lunar-julho-2080.html]
[www.invertexto.com/calendario-lunar-agosto-2080.html]
[www.invertexto.com/calendario-lunar-setembro-2080.html]
[www.invertexto.com/calendario-lunar-outubro-2080.html]
[www.invertexto.com/calendario-lunar-novembro-2080.html]
[www.invertexto.com/calendario-lunar-dezembro-2080.html]
[www.invertexto.com/calendario/2056.html]
[www.invertexto.com/calendario/2055.html]
[www.invertexto.com/calendario-lunar-2085.html]
[www.invertexto.com/calendario-lunar-janeiro-2083.html]
[www.invertexto.com/calendario-lunar-fevereiro-2083.html]
[www.invertexto.com/calendario-lunar-marco-2083.html]
[www.invertexto.com/calendario-lunar-abril-2083.html]
[www.invertexto.com/calendario-lunar-maio-2083.html]
[www.invertexto.com/calendario-lunar-junho-2083.html]
[www.invertexto.com/calendario-lunar-julho-2083.html]
[www.invertexto.com/calendario-lunar-agosto-2083.html]
[www.invertexto.com/calendario-lunar-setembro-2083.html]
[www.invertexto.com/calendario-lunar-outubro-2083.html]
[www.invertexto.com/calendario-lunar-novembro-2083.html]
[www.invertexto.com/calendario-lunar-2083.html]
[www.invertexto.com/calendario-lunar-dezembro-2083.html]
[www.invertexto.com/calendario-lunar-janeiro-2081.html]
[www.invertexto.com/calendario-lunar-fevereiro-2081.html]
[www.invertexto.com/calendario-lunar-marco-2081.html]
[www.invertexto.com/calendario-lunar-abril-2081.html]
[www.invertexto.com/calendario-lunar-maio-2081.html]
[www.invertexto.com/calendario-lunar-junho-2081.html]
[www.invertexto.com/calendario-lunar-julho-2081.html]
[www.invertexto.com/calendario-lunar-agosto-2081.html]
[www.invertexto.com/calendario-lunar-setembro-2081.html]
[www.invertexto.com/calendario-lunar-outubro-2081.html]
[www.invertexto.com/calendario-lunar-novembro-2081.html]
[www.invertexto.com/calendario-lunar-dezembro-2081.html]
[www.invertexto.com/calendario-lunar-2086.html]
[www.invertexto.com/calendario-lunar-janeiro-2084.html]
[www.invertexto.com/calendario-lunar-fevereiro-2084.html]
[www.invertexto.com/calendario-lunar-marco-2084.html]
[www.invertexto.com/calendario-lunar-abril-2084.html]
[www.invertexto.com/calendario-lunar-maio-2084.html]
[www.invertexto.com/calendario-lunar-junho-2084.html]
[www.invertexto.com/calendario-lunar-julho-2084.html]
[www.invertexto.com/calendario-lunar-agosto-2084.html]
[www.invertexto.com/calendario-lunar-setembro-2084.html]
[www.invertexto.com/calendario-lunar-outubro-2084.html]
[www.invertexto.com/calendario-lunar-novembro-2084.html]
[www.invertexto.com/calendario-lunar-2084.html]
[www.invertexto.com/calendario-lunar-dezembro-2084.html]
[www.invertexto.com/calendario-lunar-janeiro-2082.html]
[www.invertexto.com/calendario-lunar-fevereiro-2082.html]
[www.invertexto.com/calendario-lunar-marco-2082.html]
[www.invertexto.com/calendario-lunar-abril-2082.html]
[www.invertexto.com/calendario-lunar-maio-2082.html]
[www.invertexto.com/calendario-lunar-junho-2082.html]
[www.invertexto.com/calendario-lunar-julho-2082.html]
[www.invertexto.com/calendario-lunar-agosto-2082.html]
[www.invertexto.com/calendario-lunar-setembro-2082.html]
[www.invertexto.com/calendario-lunar-outubro-2082.html]
[www.invertexto.com/calendario-lunar-novembro-2082.html]
[www.invertexto.com/calendario-lunar-dezembro-2082.html]
[www.invertexto.com/calendario/2057.html]
[www.invertexto.com/calendario/2056.html]
[www.invertexto.com/calendario-lunar-2087.html]
[www.invertexto.com/calendario-lunar-janeiro-2085.html]
[www.invertexto.com/calendario-lunar-fevereiro-2085.html]
[www.invertexto.com/calendario-lunar-marco-2085.html]
[www.invertexto.com/calendario-lunar-abril-2085.html]
[www.invertexto.com/calendario-lunar-maio-2085.html]
[www.invertexto.com/calendario-lunar-junho-2085.html]
[www.invertexto.com/calendario-lunar-julho-2085.html]
[www.invertexto.com/calendario-lunar-agosto-2085.html]
[www.invertexto.com/calendario-lunar-setembro-2085.html]
[www.invertexto.com/calendario-lunar-outubro-2085.html]
[www.invertexto.com/calendario-lunar-novembro-2085.html]
[www.invertexto.com/calendario-lunar-2085.html]
[www.invertexto.com/calendario-lunar-janeiro-2083.html]
[www.invertexto.com/calendario-lunar-fevereiro-2083.html]
[www.invertexto.com/calendario-lunar-marco-2083.html]
[www.invertexto.com/calendario-lunar-abril-2083.html]
[www.invertexto.com/calendario-lunar-maio-2083.html]
[www.invertexto.com/calendario-lunar-dezembro-2085.html]
[www.invertexto.com/calendario-lunar-junho-2083.html]
[www.invertexto.com/calendario-lunar-julho-2083.html]
[www.invertexto.com/calendario-lunar-agosto-2083.html]
[www.invertexto.com/calendario-lunar-setembro-2083.html]
[www.invertexto.com/calendario-lunar-outubro-2083.html]
[www.invertexto.com/calendario-lunar-novembro-2083.html]
[www.invertexto.com/calendario-lunar-dezembro-2083.html]
[www.invertexto.com/calendario-lunar-2088.html]
[www.invertexto.com/calendario-lunar-janeiro-2086.html]
[www.invertexto.com/calendario-lunar-fevereiro-2086.html]
[www.invertexto.com/calendario-lunar-marco-2086.html]
[www.invertexto.com/calendario-lunar-abril-2086.html]
[www.invertexto.com/calendario-lunar-maio-2086.html]
[www.invertexto.com/calendario-lunar-junho-2086.html]
[www.invertexto.com/calendario-lunar-julho-2086.html]
[www.invertexto.com/calendario-lunar-agosto-2086.html]
[www.invertexto.com/calendario-lunar-setembro-2086.html]
[www.invertexto.com/calendario-lunar-outubro-2086.html]
[www.invertexto.com/calendario-lunar-novembro-2086.html]
[www.invertexto.com/calendario-lunar-2086.html]
[www.invertexto.com/calendario-lunar-dezembro-2086.html]
[www.invertexto.com/calendario-lunar-janeiro-2084.html]
[www.invertexto.com/calendario-lunar-fevereiro-2084.html]
[www.invertexto.com/calendario-lunar-marco-2084.html]
[www.invertexto.com/calendario-lunar-abril-2084.html]
[www.invertexto.com/calendario-lunar-maio-2084.html]
[www.invertexto.com/calendario-lunar-junho-2084.html]
[www.invertexto.com/calendario-lunar-julho-2084.html]
[www.invertexto.com/calendario-lunar-agosto-2084.html]
[www.invertexto.com/calendario-lunar-setembro-2084.html]
[www.invertexto.com/calendario-lunar-outubro-2084.html]
[www.invertexto.com/calendario-lunar-novembro-2084.html]
[www.invertexto.com/calendario-lunar-dezembro-2084.html]
[www.invertexto.com/calendario/2058.html]
[www.invertexto.com/calendario/2057.html]
[www.invertexto.com/calendario-lunar-2089.html]
[www.invertexto.com/calendario-lunar-janeiro-2087.html]
[www.invertexto.com/calendario-lunar-fevereiro-2087.html]
[www.invertexto.com/calendario-lunar-marco-2087.html]
[www.invertexto.com/calendario-lunar-abril-2087.html]
[www.invertexto.com/calendario-lunar-maio-2087.html]
[www.invertexto.com/calendario-lunar-junho-2087.html]
[www.invertexto.com/calendario-lunar-julho-2087.html]
[www.invertexto.com/calendario-lunar-agosto-2087.html]
[www.invertexto.com/calendario-lunar-setembro-2087.html]
[www.invertexto.com/calendario-lunar-outubro-2087.html]
[www.invertexto.com/calendario-lunar-novembro-2087.html]
[www.invertexto.com/calendario-lunar-2087.html]
[www.invertexto.com/calendario-lunar-dezembro-2087.html]
[www.invertexto.com/calendario-lunar-janeiro-2085.html]
[www.invertexto.com/calendario-lunar-fevereiro-2085.html]
[www.invertexto.com/calendario-lunar-marco-2085.html]
[www.invertexto.com/calendario-lunar-abril-2085.html]
[www.invertexto.com/calendario-lunar-maio-2085.html]
[www.invertexto.com/calendario-lunar-junho-2085.html]
[www.invertexto.com/calendario-lunar-julho-2085.html]
[www.invertexto.com/calendario-lunar-agosto-2085.html]
[www.invertexto.com/calendario-lunar-setembro-2085.html]
[www.invertexto.com/calendario-lunar-outubro-2085.html]
[www.invertexto.com/calendario-lunar-novembro-2085.html]
[www.invertexto.com/calendario-lunar-dezembro-2085.html]
[www.invertexto.com/calendario-lunar-2090.html]
[www.invertexto.com/calendario-lunar-janeiro-2088.html]
[www.invertexto.com/calendario-lunar-fevereiro-2088.html]
[www.invertexto.com/calendario-lunar-marco-2088.html]
[www.invertexto.com/calendario-lunar-abril-2088.html]
[www.invertexto.com/calendario-lunar-maio-2088.html]
[www.invertexto.com/calendario-lunar-junho-2088.html]
[www.invertexto.com/calendario-lunar-julho-2088.html]
[www.invertexto.com/calendario-lunar-agosto-2088.html]
[www.invertexto.com/calendario-lunar-setembro-2088.html]
[www.invertexto.com/calendario-lunar-outubro-2088.html]
[www.invertexto.com/calendario-lunar-novembro-2088.html]
[www.invertexto.com/calendario-lunar-2088.html]
[www.invertexto.com/calendario-lunar-dezembro-2088.html]
[www.invertexto.com/calendario-lunar-janeiro-2086.html]
[www.invertexto.com/calendario-lunar-fevereiro-2086.html]
[www.invertexto.com/calendario-lunar-marco-2086.html]
[www.invertexto.com/calendario-lunar-abril-2086.html]
[www.invertexto.com/calendario-lunar-maio-2086.html]
[www.invertexto.com/calendario-lunar-junho-2086.html]
[www.invertexto.com/calendario-lunar-julho-2086.html]
[www.invertexto.com/calendario-lunar-agosto-2086.html]
[www.invertexto.com/calendario-lunar-setembro-2086.html]
[www.invertexto.com/calendario-lunar-outubro-2086.html]
[www.invertexto.com/calendario-lunar-novembro-2086.html]
[www.invertexto.com/calendario-lunar-dezembro-2086.html]
[www.invertexto.com/calendario/2059.html]
[www.invertexto.com/calendario/2058.html]
[www.invertexto.com/calendario-lunar-2091.html]
[www.invertexto.com/calendario-lunar-janeiro-2089.html]
[www.invertexto.com/calendario-lunar-fevereiro-2089.html]
[www.invertexto.com/calendario-lunar-marco-2089.html]
[www.invertexto.com/calendario-lunar-abril-2089.html]
[www.invertexto.com/calendario-lunar-maio-2089.html]
[www.invertexto.com/calendario-lunar-junho-2089.html]
[www.invertexto.com/calendario-lunar-julho-2089.html]
[www.invertexto.com/calendario-lunar-agosto-2089.html]
[www.invertexto.com/calendario-lunar-setembro-2089.html]
[www.invertexto.com/calendario-lunar-outubro-2089.html]
[www.invertexto.com/calendario-lunar-novembro-2089.html]
[www.invertexto.com/calendario-lunar-2089.html]
[www.invertexto.com/calendario-lunar-dezembro-2089.html]
[www.invertexto.com/calendario-lunar-janeiro-2087.html]
[www.invertexto.com/calendario-lunar-fevereiro-2087.html]
[www.invertexto.com/calendario-lunar-marco-2087.html]
[www.invertexto.com/calendario-lunar-abril-2087.html]
[www.invertexto.com/calendario-lunar-maio-2087.html]
[www.invertexto.com/calendario-lunar-junho-2087.html]
[www.invertexto.com/calendario-lunar-julho-2087.html]
[www.invertexto.com/calendario-lunar-agosto-2087.html]
[www.invertexto.com/calendario-lunar-setembro-2087.html]
[www.invertexto.com/calendario-lunar-outubro-2087.html]
[www.invertexto.com/calendario-lunar-novembro-2087.html]
[www.invertexto.com/calendario-lunar-dezembro-2087.html]
[www.invertexto.com/calendario-lunar-2092.html]
[www.invertexto.com/calendario-lunar-janeiro-2090.html]
[www.invertexto.com/calendario-lunar-fevereiro-2090.html]
[www.invertexto.com/calendario-lunar-marco-2090.html]
[www.invertexto.com/calendario-lunar-abril-2090.html]
[www.invertexto.com/calendario-lunar-maio-2090.html]
[www.invertexto.com/calendario-lunar-junho-2090.html]
[www.invertexto.com/calendario-lunar-julho-2090.html]
[www.invertexto.com/calendario-lunar-agosto-2090.html]
[www.invertexto.com/calendario-lunar-setembro-2090.html]
[www.invertexto.com/calendario-lunar-outubro-2090.html]
[www.invertexto.com/calendario-lunar-novembro-2090.html]
[www.invertexto.com/calendario-lunar-2090.html]
[www.invertexto.com/calendario-lunar-dezembro-2090.html]
[www.invertexto.com/calendario-lunar-janeiro-2088.html]
[www.invertexto.com/calendario-lunar-fevereiro-2088.html]
[www.invertexto.com/calendario-lunar-marco-2088.html]
[www.invertexto.com/calendario-lunar-abril-2088.html]
[www.invertexto.com/calendario-lunar-maio-2088.html]
[www.invertexto.com/calendario-lunar-junho-2088.html]
[www.invertexto.com/calendario-lunar-julho-2088.html]
[www.invertexto.com/calendario-lunar-agosto-2088.html]
[www.invertexto.com/calendario-lunar-setembro-2088.html]
[www.invertexto.com/calendario-lunar-outubro-2088.html]
[www.invertexto.com/calendario-lunar-novembro-2088.html]
[www.invertexto.com/calendario-lunar-dezembro-2088.html]
[www.invertexto.com/calendario/2060.html]
[www.invertexto.com/calendario/2059.html]
[www.invertexto.com/calendario-lunar-2093.html]
[www.invertexto.com/calendario-lunar-janeiro-2091.html]
[www.invertexto.com/calendario-lunar-fevereiro-2091.html]
[www.invertexto.com/calendario-lunar-marco-2091.html]
[www.invertexto.com/calendario-lunar-abril-2091.html]
[www.invertexto.com/calendario-lunar-maio-2091.html]
[www.invertexto.com/calendario-lunar-junho-2091.html]
[www.invertexto.com/calendario-lunar-julho-2091.html]
[www.invertexto.com/calendario-lunar-agosto-2091.html]
[www.invertexto.com/calendario-lunar-setembro-2091.html]
[www.invertexto.com/calendario-lunar-outubro-2091.html]
[www.invertexto.com/calendario-lunar-novembro-2091.html]
[www.invertexto.com/calendario-lunar-2091.html]
[www.invertexto.com/calendario-lunar-dezembro-2091.html]
[www.invertexto.com/calendario-lunar-janeiro-2089.html]
[www.invertexto.com/calendario-lunar-fevereiro-2089.html]
[www.invertexto.com/calendario-lunar-marco-2089.html]
[www.invertexto.com/calendario-lunar-abril-2089.html]
[www.invertexto.com/calendario-lunar-maio-2089.html]
[www.invertexto.com/calendario-lunar-junho-2089.html]
[www.invertexto.com/calendario-lunar-julho-2089.html]
[www.invertexto.com/calendario-lunar-agosto-2089.html]
[www.invertexto.com/calendario-lunar-setembro-2089.html]
[www.invertexto.com/calendario-lunar-outubro-2089.html]
[www.invertexto.com/calendario-lunar-novembro-2089.html]
[www.invertexto.com/calendario-lunar-dezembro-2089.html]
[www.invertexto.com/calendario-lunar-2094.html]
[www.invertexto.com/calendario-lunar-janeiro-2092.html]
[www.invertexto.com/calendario-lunar-fevereiro-2092.html]
[www.invertexto.com/calendario-lunar-marco-2092.html]
[www.invertexto.com/calendario-lunar-abril-2092.html]
[www.invertexto.com/calendario-lunar-maio-2092.html]
[www.invertexto.com/calendario-lunar-junho-2092.html]
[www.invertexto.com/calendario-lunar-julho-2092.html]
[www.invertexto.com/calendario-lunar-agosto-2092.html]
[www.invertexto.com/calendario-lunar-setembro-2092.html]
[www.invertexto.com/calendario-lunar-outubro-2092.html]
[www.invertexto.com/calendario-lunar-novembro-2092.html]
[www.invertexto.com/calendario-lunar-2092.html]
[www.invertexto.com/calendario-lunar-dezembro-2092.html]
[www.invertexto.com/calendario-lunar-janeiro-2090.html]
[www.invertexto.com/calendario-lunar-fevereiro-2090.html]
[www.invertexto.com/calendario-lunar-marco-2090.html]
[www.invertexto.com/calendario-lunar-abril-2090.html]
[www.invertexto.com/calendario-lunar-maio-2090.html]
[www.invertexto.com/calendario-lunar-junho-2090.html]
[www.invertexto.com/calendario-lunar-julho-2090.html]
[www.invertexto.com/calendario-lunar-agosto-2090.html]
[www.invertexto.com/calendario-lunar-setembro-2090.html]
[www.invertexto.com/calendario-lunar-outubro-2090.html]
[www.invertexto.com/calendario-lunar-novembro-2090.html]
[www.invertexto.com/calendario-lunar-dezembro-2090.html]
[www.invertexto.com/calendario/2061.html]
[www.invertexto.com/calendario/2060.html]
[www.invertexto.com/calendario-lunar-2095.html]
[www.invertexto.com/calendario-lunar-janeiro-2093.html]
[www.invertexto.com/calendario-lunar-fevereiro-2093.html]
[www.invertexto.com/calendario-lunar-marco-2093.html]
[www.invertexto.com/calendario-lunar-abril-2093.html]
[www.invertexto.com/calendario-lunar-maio-2093.html]
[www.invertexto.com/calendario-lunar-junho-2093.html]
[www.invertexto.com/calendario-lunar-julho-2093.html]
[www.invertexto.com/calendario-lunar-agosto-2093.html]
[www.invertexto.com/calendario-lunar-setembro-2093.html]
[www.invertexto.com/calendario-lunar-outubro-2093.html]
[www.invertexto.com/calendario-lunar-novembro-2093.html]
[www.invertexto.com/calendario-lunar-2093.html]
[www.invertexto.com/calendario-lunar-dezembro-2093.html]
[www.invertexto.com/calendario-lunar-janeiro-2091.html]
[www.invertexto.com/calendario-lunar-fevereiro-2091.html]
[www.invertexto.com/calendario-lunar-marco-2091.html]
[www.invertexto.com/calendario-lunar-abril-2091.html]
[www.invertexto.com/calendario-lunar-maio-2091.html]
[www.invertexto.com/calendario-lunar-junho-2091.html]
[www.invertexto.com/calendario-lunar-julho-2091.html]
[www.invertexto.com/calendario-lunar-agosto-2091.html]
[www.invertexto.com/calendario-lunar-setembro-2091.html]
[www.invertexto.com/calendario-lunar-outubro-2091.html]
[www.invertexto.com/calendario-lunar-novembro-2091.html]
[www.invertexto.com/calendario-lunar-dezembro-2091.html]
[www.invertexto.com/calendario-lunar-2096.html]
[www.invertexto.com/calendario-lunar-janeiro-2094.html]
[www.invertexto.com/calendario-lunar-fevereiro-2094.html]
[www.invertexto.com/calendario-lunar-marco-2094.html]
[www.invertexto.com/calendario-lunar-abril-2094.html]
[www.invertexto.com/calendario-lunar-maio-2094.html]
[www.invertexto.com/calendario-lunar-junho-2094.html]
[www.invertexto.com/calendario-lunar-julho-2094.html]
[www.invertexto.com/calendario-lunar-agosto-2094.html]
[www.invertexto.com/calendario-lunar-setembro-2094.html]
[www.invertexto.com/calendario-lunar-outubro-2094.html]
[www.invertexto.com/calendario-lunar-novembro-2094.html]
[www.invertexto.com/calendario-lunar-2094.html]
[www.invertexto.com/calendario-lunar-dezembro-2094.html]
[www.invertexto.com/calendario-lunar-janeiro-2092.html]
[www.invertexto.com/calendario-lunar-fevereiro-2092.html]
[www.invertexto.com/calendario-lunar-marco-2092.html]
[www.invertexto.com/calendario-lunar-abril-2092.html]
[www.invertexto.com/calendario-lunar-maio-2092.html]
[www.invertexto.com/calendario-lunar-junho-2092.html]
[www.invertexto.com/calendario-lunar-julho-2092.html]
[www.invertexto.com/calendario-lunar-agosto-2092.html]
[www.invertexto.com/calendario-lunar-setembro-2092.html]
[www.invertexto.com/calendario-lunar-outubro-2092.html]
[www.invertexto.com/calendario-lunar-novembro-2092.html]
[www.invertexto.com/calendario-lunar-dezembro-2092.html]
[www.invertexto.com/calendario/2062.html]
[www.invertexto.com/calendario/2061.html]
[www.invertexto.com/calendario-lunar-2097.html]
[www.invertexto.com/calendario-lunar-janeiro-2095.html]
[www.invertexto.com/calendario-lunar-fevereiro-2095.html]
[www.invertexto.com/calendario-lunar-marco-2095.html]
[www.invertexto.com/calendario-lunar-abril-2095.html]
[www.invertexto.com/calendario-lunar-maio-2095.html]
[www.invertexto.com/calendario-lunar-junho-2095.html]
[www.invertexto.com/calendario-lunar-julho-2095.html]
[www.invertexto.com/calendario-lunar-agosto-2095.html]
[www.invertexto.com/calendario-lunar-setembro-2095.html]
[www.invertexto.com/calendario-lunar-outubro-2095.html]
[www.invertexto.com/calendario-lunar-novembro-2095.html]
[www.invertexto.com/calendario-lunar-2095.html]
[www.invertexto.com/calendario-lunar-dezembro-2095.html]
[www.invertexto.com/calendario-lunar-janeiro-2093.html]
[www.invertexto.com/calendario-lunar-fevereiro-2093.html]
[www.invertexto.com/calendario-lunar-marco-2093.html]
[www.invertexto.com/calendario-lunar-abril-2093.html]
[www.invertexto.com/calendario-lunar-maio-2093.html]
[www.invertexto.com/calendario-lunar-junho-2093.html]
[www.invertexto.com/calendario-lunar-julho-2093.html]
[www.invertexto.com/calendario-lunar-agosto-2093.html]
[www.invertexto.com/calendario-lunar-setembro-2093.html]
[www.invertexto.com/calendario-lunar-outubro-2093.html]
[www.invertexto.com/calendario-lunar-novembro-2093.html]
[www.invertexto.com/calendario-lunar-dezembro-2093.html]
[www.invertexto.com/calendario-lunar-2098.html]
[www.invertexto.com/calendario-lunar-janeiro-2096.html]
[www.invertexto.com/calendario-lunar-fevereiro-2096.html]
[www.invertexto.com/calendario-lunar-marco-2096.html]
[www.invertexto.com/calendario-lunar-abril-2096.html]
[www.invertexto.com/calendario-lunar-maio-2096.html]
[www.invertexto.com/calendario-lunar-junho-2096.html]
[www.invertexto.com/calendario-lunar-julho-2096.html]
[www.invertexto.com/calendario-lunar-agosto-2096.html]
[www.invertexto.com/calendario-lunar-setembro-2096.html]
[www.invertexto.com/calendario-lunar-outubro-2096.html]
[www.invertexto.com/calendario-lunar-novembro-2096.html]
[www.invertexto.com/calendario-lunar-2096.html]
[www.invertexto.com/calendario-lunar-dezembro-2096.html]
[www.invertexto.com/calendario-lunar-janeiro-2094.html]
[www.invertexto.com/calendario-lunar-fevereiro-2094.html]
[www.invertexto.com/calendario-lunar-marco-2094.html]
[www.invertexto.com/calendario-lunar-abril-2094.html]
[www.invertexto.com/calendario-lunar-maio-2094.html]
[www.invertexto.com/calendario-lunar-junho-2094.html]
[www.invertexto.com/calendario-lunar-julho-2094.html]
[www.invertexto.com/calendario-lunar-agosto-2094.html]
[www.invertexto.com/calendario-lunar-setembro-2094.html]
[www.invertexto.com/calendario-lunar-outubro-2094.html]
[www.invertexto.com/calendario-lunar-novembro-2094.html]
[www.invertexto.com/calendario-lunar-dezembro-2094.html]
[www.invertexto.com/calendario/2063.html]
[www.invertexto.com/calendario/2062.html]
[www.invertexto.com/calendario-lunar-2099.html]
[www.invertexto.com/calendario-lunar-janeiro-2097.html]
[www.invertexto.com/calendario-lunar-fevereiro-2097.html]
[www.invertexto.com/calendario-lunar-marco-2097.html]
[www.invertexto.com/calendario-lunar-abril-2097.html]
[www.invertexto.com/calendario-lunar-maio-2097.html]
[www.invertexto.com/calendario-lunar-junho-2097.html]
[www.invertexto.com/calendario-lunar-julho-2097.html]
[www.invertexto.com/calendario-lunar-agosto-2097.html]
[www.invertexto.com/calendario-lunar-setembro-2097.html]
[www.invertexto.com/calendario-lunar-outubro-2097.html]
[www.invertexto.com/calendario-lunar-novembro-2097.html]
[www.invertexto.com/calendario-lunar-dezembro-2097.html]
[www.invertexto.com/calendario-lunar-2097.html]
[www.invertexto.com/calendario-lunar-janeiro-2095.html]
[www.invertexto.com/calendario-lunar-fevereiro-2095.html]
[www.invertexto.com/calendario-lunar-marco-2095.html]
[www.invertexto.com/calendario-lunar-abril-2095.html]
[www.invertexto.com/calendario-lunar-maio-2095.html]
[www.invertexto.com/calendario-lunar-junho-2095.html]
[www.invertexto.com/calendario-lunar-julho-2095.html]
[www.invertexto.com/calendario-lunar-agosto-2095.html]
[www.invertexto.com/calendario-lunar-setembro-2095.html]
[www.invertexto.com/calendario-lunar-outubro-2095.html]
[www.invertexto.com/calendario-lunar-novembro-2095.html]
[www.invertexto.com/calendario-lunar-dezembro-2095.html]
[www.invertexto.com/calendario-lunar-2100.html]
[www.invertexto.com/calendario-lunar-janeiro-2098.html]
[www.invertexto.com/calendario-lunar-fevereiro-2098.html]
[www.invertexto.com/calendario-lunar-marco-2098.html]
[www.invertexto.com/calendario-lunar-abril-2098.html]
[www.invertexto.com/calendario-lunar-maio-2098.html]
[www.invertexto.com/calendario-lunar-junho-2098.html]
[www.invertexto.com/calendario-lunar-julho-2098.html]
[www.invertexto.com/calendario-lunar-agosto-2098.html]
[www.invertexto.com/calendario-lunar-setembro-2098.html]
[www.invertexto.com/calendario-lunar-outubro-2098.html]
[www.invertexto.com/calendario-lunar-novembro-2098.html]
[www.invertexto.com/calendario-lunar-dezembro-2098.html]
[www.invertexto.com/calendario-lunar-2098.html]
[www.invertexto.com/calendario-lunar-janeiro-2096.html]
[www.invertexto.com/calendario-lunar-fevereiro-2096.html]
[www.invertexto.com/calendario-lunar-marco-2096.html]
[www.invertexto.com/calendario-lunar-abril-2096.html]
[www.invertexto.com/calendario-lunar-maio-2096.html]
[www.invertexto.com/calendario-lunar-junho-2096.html]
[www.invertexto.com/calendario-lunar-julho-2096.html]
[www.invertexto.com/calendario-lunar-agosto-2096.html]
[www.invertexto.com/calendario-lunar-setembro-2096.html]
[www.invertexto.com/calendario-lunar-outubro-2096.html]
[www.invertexto.com/calendario-lunar-novembro-2096.html]
[www.invertexto.com/calendario-lunar-dezembro-2096.html]
[www.invertexto.com/calendario/2064.html]
[www.invertexto.com/calendario/2063.html]
[www.invertexto.com/calendario-lunar-janeiro-2099.html]
[www.invertexto.com/calendario-lunar-fevereiro-2099.html]
[www.invertexto.com/calendario-lunar-marco-2099.html]
[www.invertexto.com/calendario-lunar-abril-2099.html]
[www.invertexto.com/calendario-lunar-maio-2099.html]
[www.invertexto.com/calendario-lunar-junho-2099.html]
[www.invertexto.com/calendario-lunar-julho-2099.html]
[www.invertexto.com/calendario-lunar-agosto-2099.html]
[www.invertexto.com/calendario-lunar-setembro-2099.html]
[www.invertexto.com/calendario-lunar-outubro-2099.html]
[www.invertexto.com/calendario-lunar-novembro-2099.html]
[www.invertexto.com/calendario-lunar-2099.html]
[www.invertexto.com/calendario-lunar-janeiro-2097.html]
[www.invertexto.com/calendario-lunar-fevereiro-2097.html]
[www.invertexto.com/calendario-lunar-marco-2097.html]
[www.invertexto.com/calendario-lunar-abril-2097.html]
[www.invertexto.com/calendario-lunar-maio-2097.html]
[www.invertexto.com/calendario-lunar-junho-2097.html]
[www.invertexto.com/calendario-lunar-julho-2097.html]
[www.invertexto.com/calendario-lunar-agosto-2097.html]
[www.invertexto.com/calendario-lunar-setembro-2097.html]
[www.invertexto.com/calendario-lunar-outubro-2097.html]
[www.invertexto.com/calendario-lunar-novembro-2097.html]
[www.invertexto.com/calendario-lunar-dezembro-2097.html]
[www.invertexto.com/calendario-lunar-dezembro-2099.html]
[www.invertexto.com/calendario-lunar-janeiro-2100.html]
[www.invertexto.com/calendario-lunar-fevereiro-2100.html]
[www.invertexto.com/calendario-lunar-marco-2100.html]
[www.invertexto.com/calendario-lunar-abril-2100.html]
[www.invertexto.com/calendario-lunar-maio-2100.html]
[www.invertexto.com/calendario-lunar-junho-2100.html]
[www.invertexto.com/calendario-lunar-julho-2100.html]
[www.invertexto.com/calendario-lunar-agosto-2100.html]
[www.invertexto.com/calendario-lunar-setembro-2100.html]
[www.invertexto.com/calendario-lunar-outubro-2100.html]
[www.invertexto.com/calendario-lunar-novembro-2100.html]
[www.invertexto.com/calendario-lunar-dezembro-2100.html]
[www.invertexto.com/calendario-lunar-2100.html]
[www.invertexto.com/calendario-lunar-janeiro-2098.html]
[www.invertexto.com/calendario-lunar-fevereiro-2098.html]
[www.invertexto.com/calendario-lunar-marco-2098.html]
[www.invertexto.com/calendario-lunar-abril-2098.html]
[www.invertexto.com/calendario-lunar-maio-2098.html]
[www.invertexto.com/calendario-lunar-junho-2098.html]
[www.invertexto.com/calendario-lunar-julho-2098.html]
[www.invertexto.com/calendario-lunar-agosto-2098.html]
[www.invertexto.com/calendario-lunar-setembro-2098.html]
[www.invertexto.com/calendario-lunar-outubro-2098.html]
[www.invertexto.com/calendario-lunar-novembro-2098.html]
[www.invertexto.com/calendario-lunar-dezembro-2098.html]
[www.invertexto.com/calendario/2065.html]
[www.invertexto.com/calendario/2064.html]
[www.invertexto.com/calendario-lunar-janeiro-2099.html]
[www.invertexto.com/calendario-lunar-fevereiro-2099.html]
[www.invertexto.com/calendario-lunar-marco-2099.html]
[www.invertexto.com/calendario-lunar-abril-2099.html]
[www.invertexto.com/calendario-lunar-maio-2099.html]
[www.invertexto.com/calendario-lunar-junho-2099.html]
[www.invertexto.com/calendario-lunar-julho-2099.html]
[www.invertexto.com/calendario-lunar-agosto-2099.html]
[www.invertexto.com/calendario-lunar-setembro-2099.html]
[www.invertexto.com/calendario-lunar-outubro-2099.html]
[www.invertexto.com/calendario-lunar-novembro-2099.html]
[www.invertexto.com/calendario-lunar-dezembro-2099.html]
[www.invertexto.com/calendario-lunar-janeiro-2100.html]
[www.invertexto.com/calendario-lunar-fevereiro-2100.html]
[www.invertexto.com/calendario-lunar-marco-2100.html]
[www.invertexto.com/calendario-lunar-abril-2100.html]
[www.invertexto.com/calendario-lunar-maio-2100.html]
[www.invertexto.com/calendario-lunar-junho-2100.html]
[www.invertexto.com/calendario-lunar-julho-2100.html]
[www.invertexto.com/calendario-lunar-agosto-2100.html]
[www.invertexto.com/calendario-lunar-setembro-2100.html]
[www.invertexto.com/calendario-lunar-outubro-2100.html]
[www.invertexto.com/calendario-lunar-novembro-2100.html]
[www.invertexto.com/calendario-lunar-dezembro-2100.html]
[www.invertexto.com/calendario/2066.html]
[www.invertexto.com/calendario/2065.html]
[www.invertexto.com/calendario/2067.html]
[www.invertexto.com/calendario/2066.html]
[www.invertexto.com/calendario/2068.html]
[www.invertexto.com/calendario/2067.html]
[www.invertexto.com/calendario/2069.html]
[www.invertexto.com/calendario/2068.html]
[www.invertexto.com/calendario/2070.html]
[www.invertexto.com/calendario/2069.html]
[www.invertexto.com/calendario/2071.html]
[www.invertexto.com/calendario/2070.html]
[www.invertexto.com/calendario/2072.html]
[www.invertexto.com/calendario/2071.html]
[www.invertexto.com/calendario/2073.html]
[www.invertexto.com/calendario/2072.html]
[www.invertexto.com/calendario/2074.html]
[www.invertexto.com/calendario/2073.html]
[www.invertexto.com/calendario/2075.html]
[www.invertexto.com/calendario/2074.html]
[www.invertexto.com/calendario/2076.html]
[www.invertexto.com/calendario/2075.html]
[www.invertexto.com/calendario/2077.html]
[www.invertexto.com/calendario/2076.html]
[www.invertexto.com/calendario/2078.html]
[www.invertexto.com/calendario/2077.html]
[www.invertexto.com/calendario/2079.html]
[www.invertexto.com/calendario/2078.html]
[www.invertexto.com/calendario/2080.html]
[www.invertexto.com/calendario/2079.html]
[www.invertexto.com/calendario/2081.html]
[www.invertexto.com/calendario/2080.html]
[www.invertexto.com/calendario/2082.html]
[www.invertexto.com/calendario/2081.html]
[www.invertexto.com/calendario/2083.html]
[www.invertexto.com/calendario/2082.html]
[www.invertexto.com/calendario/2084.html]
[www.invertexto.com/calendario/2083.html]
[www.invertexto.com/calendario/2085.html]
[www.invertexto.com/calendario/2084.html]
[www.invertexto.com/calendario/2086.html]
[www.invertexto.com/calendario/2085.html]
[www.invertexto.com/calendario/2087.html]
[www.invertexto.com/calendario/2086.html]
[www.invertexto.com/calendario/2088.html]
[www.invertexto.com/calendario/2087.html]
[www.invertexto.com/calendario/2089.html]
[www.invertexto.com/calendario/2088.html]
[www.invertexto.com/calendario/2090.html]
[www.invertexto.com/calendario/2089.html]
[www.invertexto.com/calendario/2091.html]
[www.invertexto.com/calendario/2090.html]
[www.invertexto.com/calendario/2092.html]
[www.invertexto.com/calendario/2091.html]
[www.invertexto.com/calendario/2093.html]
[www.invertexto.com/calendario/2092.html]
[www.invertexto.com/calendario/2094.html]
[www.invertexto.com/calendario/2093.html]
[www.invertexto.com/calendario/2095.html]
[www.invertexto.com/calendario/2094.html]
[www.invertexto.com/calendario/2096.html]
[www.invertexto.com/calendario/2095.html]
[www.invertexto.com/calendario/2097.html]
[www.invertexto.com/calendario/2096.html]
[www.invertexto.com/calendario/2098.html]
[www.invertexto.com/calendario/2097.html]
[www.invertexto.com/calendario/2099.html]
[www.invertexto.com/calendario/2098.html]
[www.invertexto.com/calendario/2100.html]
[www.invertexto.com/calendario/2099.html]
[www.invertexto.com/calendario/2100.html]
[www.invertexto.com/calendario/2101.html]
